date,code,name,open,high,low,close,volume,amount,return_1d,momentum,trend,volatility,volume_ratio,rsi,bollinger_position,atr,atr_pct,score_momentum,score_trend,score_low_volatility,score_volume_ratio,score_rsi,score_bollinger,score_low_atr,factor_score
2026-09-24,000001,平安银行,2273.99,2292.05,2264.96,2266.46,1043819.0,1186736900.0,-0.003377100794146326,0.04432167426172784,0.01582265644964642,0.10472555597132896,1.1787413275075649,36.480008428594026,0.034402401725652045,26.237142857142935,0.011576265567070644,0.3790322580645161,0.4717741935483871,0.9838709677419355,0.6733870967741935,0.27419354838709675,0.06653225806451613,0.9737903225806451,0.6157258064516129
2026-09-24,000002,万 科Ａ,1275.03,1279.0,1253.23,1262.15,6672651.0,2512837900.0,-0.012409918545238208,-0.012409918545238208,0.046675314210605334,0.1602194787522651,2.1912528152322923,67.80703573156416,0.9378615527393495,16.492857142857133,0.013067271832077908,0.31048387096774194,0.5866935483870968,0.9495967741935484,0.9314516129032258,0.45564516129032256,0.8870967741935484,0.967741935483871,0.711391129032258
2026-09-24,000021,深科技,440.29,441.76,430.23,430.45,463553.0,1664037900.0,-0.03499529211316865,0.361106719367589,-0.10761363440042848,0.4314275239944344,0.6865403927287764,54.26883971291867,0.4341868721948881,16.82357142857143,0.03908368318868958,0.6229838709677419,0.06451612903225806,0.6592741935483871,0.20161290322580644,0.9657258064516129,0.3810483870967742,0.6713709677419355,0.4779233870967742
2026-09-24,000063,中兴通讯,509.15,510.98,505.36,505.92,528933.0,1693857100.0,-0.00990254021683823,0.007768614796223261,-0.0676267902492006,0.17918804681286235,0.8485451102570575,38.4295744375985,0.18235013841177058,8.112142857142844,0.016034437968735854,0.33064516129032256,0.16733870967741934,0.935483870967742,0.39314516129032256,0.3326612903225806,0.17137096774193547,0.9435483870967742,0.5012096774193548
2026-09-24,000066,中国长城,147.03,149.23,143.28,143.28,1519925.0,2282674700.0,-0.021244620534189407,0.024233326184859738,-0.01778022535481605,0.42413067904757856,1.4867680650133153,55.50178834420364,0.6771832830686575,5.182857142857141,0.036172928132727114,0.34475806451612906,0.3407258064516129,0.6673387096774194,0.7923387096774194,0.9798387096774194,0.6532258064516129,0.7298387096774194,0.5897177419354839
2026-09-24,000070,特发信息,60.07,61.92,59.77,60.5,752817.0,1356651800.0,-0.002802043843744828,-0.07265481299816057,0.14919603764804212,0.53841265144364,0.8726948098204698,67.29939603106126,0.7577494187992814,3.4385714285714286,0.05683589138134593,0.23790322580645162,0.8024193548387096,0.4556451612903226,0.4213709677419355,0.4838709677419355,0.7157258064516129,0.3084677419354839,0.49999999999999994
2026-09-24,000100,TCL科技,16.65,16.68,16.49,16.49,2918357.0,1430757100.0,-0.00960960960960966,0.1451388888888887,-0.016637843640050054,0.20057183721505673,0.7562613494159406,54.18502202643166,0.5232818705624954,0.2935714285714289,0.01780299748765488,0.4737903225806452,0.3467741935483871,0.9233870967741935,0.29838709677419356,0.9576612903225806,0.4495967741935484,0.9274193548387096,0.6296370967741935
2026-09-24,000333,美的集团,396.11,399.37,395.62,397.87,143155.0,1184739600.0,0.0016868076535749843,0.09271923319875852,-0.016093041735737224,0.17347646150945104,0.6276631730235713,30.777245259429037,0.1393131946769907,6.177142857142859,0.01552553059326629,0.4415322580645161,0.35080645161290325,0.939516129032258,0.11693548387096774,0.16532258064516128,0.13911290322580644,0.9475806451612904,0.5191532258064516
2026-09-24,000338,潍柴动力,471.46,471.61,461.94,462.4,575994.0,1470007100.0,-0.019216900691469085,0.010887149665515183,-0.06783277167211532,0.382164174057301,0.6320638118958501,41.224188790560476,0.03146323660841631,17.407857142857143,0.03764674987642116,0.3346774193548387,0.16330645161290322,0.7278225806451613,0.12096774193548387,0.4173387096774194,0.06451612903225806,0.7016129032258065,0.39889112903225804
2026-09-24,000425,徐工机械,307.86,310.74,305.7,306.42,917193.0,659114299.9999999,-0.006999805560956585,-0.2561176927558749,-0.11059509901385245,0.265748110850693,0.6947192902114275,18.303976756854965,0.06761964613007825,8.253571428571437,0.026935485374882308,0.07258064516129033,0.056451612903225805,0.8689516129032258,0.2157258064516129,0.02217741935483871,0.08064516129032258,0.8588709677419355,0.3554435483870968
2026-09-24,000426,兴业银锡,749.89,757.76,733.47,734.82,428141.0,1416008500.0,-0.04669114308324995,-0.17809965885576862,-0.07816522907455647,0.46305297665199174,0.846114663150255,26.62756598240469,0.04117324585989954,33.34999999999999,0.04538526441849702,0.12903225806451613,0.1350806451612903,0.5987903225806452,0.38911290322580644,0.09274193548387097,0.07056451612903226,0.5524193548387097,0.30745967741935487
2026-09-24,000510,新金路,264.4,269.22,256.61,258.03,353212.0,660407600.0,-0.03597848016139893,0.3214011368873866,0.09836144660370505,0.5848811205815582,0.8160345809474413,69.11842523018305,0.7621387348917688,15.100000000000003,0.058520327093748804,0.6048387096774194,0.7096774193548387,0.3770161290322581,0.3629032258064516,0.4012096774193548,0.719758064516129,0.27419354838709675,0.4970766129032259
2026-09-24,000547,航天发展,212.8,225.32,212.21,216.63,1132651.0,1663229000.0,0.017281051890114973,-0.4588173574158735,-0.02365630490515469,0.28693330721269145,2.084329852153764,49.32444937997407,0.49395028386458634,7.837857142857138,0.036180848187495444,0.006048387096774193,0.32056451612903225,0.844758064516129,0.9193548387096774,0.7580645161290323,0.4254032258064516,0.7278225806451613,0.5481854838709677
2026-09-24,000559,万向钱潮,370.91,384.65,367.74,368.27,748514.0,849399200.0,-0.004272002163039135,-0.22036158861885013,-0.010964958415338288,0.30188554612784574,1.728777744660492,53.03580067731011,0.6054548728107835,11.947142857142856,0.032441260100314596,0.0907258064516129,0.36693548387096775,0.8286290322580645,0.875,0.9233870967741935,0.5524193548387096,0.7963709677419355,0.5979838709677421
2026-09-24,000568,泸州老窖,2274.0,2283.47,2250.23,2253.05,90679.0,644006100.0,-0.01288522033244821,-0.2164285515552835,-0.06620048185141036,0.19151777095975062,1.0120226446470075,12.408406473951402,0.15492140589768183,28.028571428571468,0.012440279367333822,0.09475806451612903,0.17137096774193547,0.9294354838709677,0.5584677419354839,0.006048387096774193,0.14919354838709678,0.9717741935483871,0.4526209677419355
2026-09-24,000592,平潭发展,52.66,57.7,51.2,57.7,3256673.0,2717291100.0,0.10135522046192036,-0.303476581361661,0.3144206601717632,0.815059628895549,0.9552132330232334,63.25077399380805,0.8383343715190832,4.4657142857142835,0.07739539489972762,0.04838709677419355,0.9274193548387096,0.10685483870967738,0.5080645161290323,0.6411290322580645,0.8084677419354839,0.06048387096774188,0.424899193548387
2026-09-24,000603,盛达资源,133.13,134.16,130.78,131.08,259195.0,838691200.0,-0.04592765121187836,-0.15671641791044766,0.060421995315957266,0.5179588645951241,0.6538649283749302,36.35555555555556,0.07695551729255369,6.652857142857144,0.0507541741139544,0.14112903225806453,0.6310483870967742,0.4959677419354839,0.1592741935483871,0.26814516129032256,0.09274193548387097,0.4375,0.3911290322580645
2026-09-24,000620,盈新发展,11.1,11.16,10.71,10.74,3043290.0,961353000.0,-0.04021447721179616,0.1305263157894736,0.013653809853394483,0.44722083279528374,0.9435699856572736,57.18654434250766,0.38840500938022704,0.4635714285714282,0.043163075285980276,0.4717741935483871,0.4637096774193548,0.6330645161290323,0.4939516129032258,0.9133064516129032,0.33669354838709675,0.5967741935483871,0.5603830645161291
2026-09-24,000630,铜陵有色,206.79,207.1,201.8,202.11,2116569.0,1258280600.0,-0.03426032110091737,0.017263942017314404,-0.06207146188490653,0.26037099079963494,0.9658325899121356,30.7768187422935,0.10003218429401872,5.366428571428577,0.02655201905610102,0.3387096774193548,0.17943548387096775,0.877016129032258,0.5181451612903226,0.16330645161290322,0.10685483870967742,0.8669354838709677,0.4745967741935485
2026-09-24,000636,风华高科,942.66,970.82,912.59,912.91,803022.0,4596275400.0,-0.04502327527590366,1.8572188663891582,0.027799095943001895,0.6204786442984115,0.6603663304468933,65.72966194681017,0.59789576836827,47.517142857142844,0.05205019427670071,0.9778225806451613,0.5201612903225806,0.3326612903225806,0.16532258064516128,0.5463709677419355,0.5403225806451613,0.41129032258064513,0.503125
2026-09-24,000651,格力电器,6017.08,6063.11,6017.08,6041.94,252413.0,972664100.0,0.0021379819374527376,0.04207312866505686,0.0016264295843575471,0.07960403848376259,0.7725355121548713,43.938770471566066,0.45784417378498765,46.42285714285715,0.007683435642005242,0.37298387096774194,0.41935483870967744,0.9979838709677419,0.3165322580645161,0.5362903225806451,0.4032258064516129,0.9939516129032258,0.6149193548387096
2026-09-24,000657,中钨高新,359.18,361.86,349.32,350.41,361602.0,2088798400.0,-0.03327171903881698,0.24258865248226957,-0.10015228152651301,0.40788482708418233,0.6206646722317346,48.52538445333897,0.12898287903152558,15.507142857142863,0.04425428171896596,0.5504032258064516,0.08669354838709678,0.6875,0.10887096774193548,0.7116935483870968,0.12701612903225806,0.5725806451612903,0.4160282258064516
2026-09-24,000676,智度股份,77.33,79.06,73.55,73.66,1519016.0,1062887100.0000001,-0.06189505858380029,-0.10137855312919364,0.0129053993660746,0.5302298404500674,2.1249940807857164,43.36609336609335,0.3683923153014895,3.262142857142856,0.0442864900508126,0.20766129032258066,0.45564516129032256,0.467741935483871,0.9233870967741935,0.5120967741935484,0.3125,0.5685483870967742,0.48306451612903223
2026-09-24,000700,模塑科技,170.35,176.24,168.43,174.44,696942.0,863633400.0,0.029083829862545096,0.03494512014239093,0.03279130143900444,0.48441286067463035,1.4498408994837553,63.45210853220007,0.9498062703712657,8.23,0.047179545975693654,0.36088709677419356,0.5423387096774194,0.560483870967742,0.780241935483871,0.6330645161290323,0.8951612903225806,0.5161290322580645,0.5653225806451613
2026-09-24,000703,恒逸石化,162.12,164.63,159.68,160.98,583568.0,1010281600.0,-0.007521578298397058,0.37120954003407136,0.06392962652091438,0.3976456522037753,0.7107398237814212,51.254921259842504,0.47544296554505217,6.722857142857147,0.041762064497808095,0.6310483870967742,0.6391129032258065,0.7116935483870968,0.2439516129032258,0.8528225806451613,0.4112903225806452,0.627016129032258,0.6210685483870968
2026-09-24,000725,京东方Ａ,30.67,30.94,30.02,30.12,10753201.0,6351389700.0,-0.025242718446601864,0.42613636363636354,-0.03139705645896096,0.31686917022585437,0.9340110549994024,57.850070721357845,0.6390263171971569,0.8735714285714273,0.02900303547713902,0.6774193548387096,0.2903225806451613,0.8205645161290323,0.48588709677419356,0.8891129032258065,0.6068548387096774,0.8286290322580645,0.6304435483870968
2026-09-24,000737,北方铜业,58.83,58.99,55.81,55.85,869786.0,1233152200.0,-0.058337548474119094,0.07280061467537458,-0.0005696544195936681,0.6778936495782952,0.8276916708497584,47.513462147608486,0.19464607572320428,3.392142857142855,0.060736667092978605,0.42338709677419356,0.40725806451612906,0.21169354838709675,0.37298387096774194,0.6774193548387096,0.18548387096774194,0.217741935483871,0.3546370967741935
2026-09-24,000756,新华制药,28.39,29.64,27.6,27.74,693195.0,991805200.0,-0.03713988198542173,-0.06283783783783792,0.011436697091602888,0.6215847430890583,3.6082594967347412,55.15055467511885,0.630661857124646,1.2385714285714282,0.044649294469049326,0.25806451612903225,0.45161290322580644,0.3286290322580645,0.9879032258064516,0.9919354838709677,0.5987903225806451,0.564516129032258,0.5299395161290323
2026-09-24,000776,广发证券,125.81,125.81,123.6,124.1,379584.0,776173100.0,-0.01679607035335129,0.11953089760938207,-0.03184408607043909,0.2253620514481726,0.7395409528810143,26.725565985643257,0.19685285132752897,2.2814285714285694,0.018383791872913533,0.4596774193548387,0.28830645161290325,0.907258064516129,0.2862903225806452,0.09475806451612903,0.18951612903225806,0.9233870967741935,0.5085685483870968
2026-09-24,000792,盐湖股份,161.58,161.75,157.69,157.69,501402.0,1200572300.0,-0.026785163241375032,-0.31418257730613663,-0.10106658913800681,0.19835834175844452,1.013806435724342,20.782918149466184,0.0822116609225775,3.2914285714285705,0.020872779322902976,0.046370967741935484,0.08266129032258064,0.9254032258064516,0.5604838709677419,0.03024193548387097,0.09879032258064516,0.905241935483871,0.4125
2026-09-24,000807,云铝股份,138.61,139.22,136.0,136.34,503615.0,1317793599.9999998,-0.018713113574204687,-0.1786252183866498,-0.0016841180347075824,0.3196317502986641,0.8139591451873351,43.39908952959029,0.05403838418805763,3.7699999999999982,0.027651459586328284,0.12701612903225806,0.39919354838709675,0.8185483870967742,0.3588709677419355,0.5141129032258065,0.07661290322580645,0.844758064516129,0.5004032258064517
2026-09-24,000811,冰轮环境,654.9,670.02,644.39,649.01,368188.0,1466402700.0,-0.009235795194333263,1.2571120539750988,-0.0534551393506959,0.6260271921148727,0.9063026765600138,62.74577440496723,0.6378311281730674,34.02714285714284,0.05242930441309509,0.9334677419354839,0.21169354838709678,0.3104838709677419,0.45564516129032256,0.6713709677419355,0.6028225806451613,0.4032258064516129,0.4583669354838709
2026-09-24,000858,五 粮 液,1459.55,1461.77,1452.33,1453.58,131786.0,919684299.9999999,-0.0063573225418354085,-0.23822151414466453,-0.026017666738809675,0.08658789721835236,0.6509477531766711,29.775422659601205,0.24188695721815806,10.34928571428577,0.0071198597354708865,0.07862903225806452,0.31048387096774194,0.9939516129032258,0.1532258064516129,0.1431451612903226,0.21774193548387097,0.9979838709677419,0.4784274193548387
2026-09-24,000878,云南铜业,49.99,50.07,48.17,48.2,453861.0,754483900.0,-0.046488625123639826,-0.06262154803578368,0.00015562587539563744,0.45325456501292016,0.7664775161630206,42.589338019917996,0.14860771484757881,1.9585714285714282,0.0406342620035566,0.2600806451612903,0.41330645161290325,0.6189516129032258,0.3064516129032258,0.4798387096774194,0.14516129032258066,0.6491935483870968,0.44939516129032253
2026-09-24,000933,神火股份,296.74,301.42,293.11,293.97,296985.0,771650399.9999999,-0.012827831693475233,-0.14084054243628708,-0.0038325861315275933,0.28051865906161205,0.816991081693056,37.72136028835605,0.03996926148856373,7.627142857142863,0.025945310260036273,0.1592741935483871,0.38911290322580644,0.8508064516129032,0.36693548387096775,0.3084677419354839,0.06854838709677419,0.877016129032258,0.49385080645161283
2026-09-24,000938,紫光股份,228.24,231.33,226.92,227.05,914572.0,3084576800.0,-0.007475083056478371,0.36752394145636336,-0.0779789037674744,0.48684495490119156,0.648950149438367,36.391775370329434,0.33985757161434627,7.535714285714287,0.03318966873250071,0.6290322580645161,0.13709677419354838,0.5584677419354839,0.14516129032258066,0.2721774193548387,0.2862903225806452,0.7862903225806451,0.41431451612903225
2026-09-24,000960,锡业股份,105.69,106.38,101.54,101.82,300655.0,963141200.0,-0.049388479133601004,0.0327619434019677,-0.09810133590011982,0.34461210176382595,1.0650053355649722,39.070830159939064,-0.020624737199963047,3.6385714285714283,0.0357353312568398,0.35685483870967744,0.09274193548387097,0.7762096774193549,0.5907258064516129,0.3548387096774194,0.038306451612903226,0.7379032258064516,0.43911290322580643
2026-09-24,000962,东方钽业,213.21,214.43,204.69,205.41,136133.0,802897200.0,-0.042065009560229516,0.40576238707911294,0.06654136021537482,0.668091028633873,0.6104373837910989,62.78672032193158,0.6668821552782739,11.077857142857146,0.05393046659294653,0.655241935483871,0.6491935483870968,0.22379032258064513,0.09879032258064516,0.6673387096774194,0.6391129032258065,0.36693548387096775,0.46895161290322585
2026-09-24,000975,山金国际,175.5,177.42,169.83,171.35,482622.0,1126914300.0,-0.04096938489953539,-0.19098205854579797,-0.03619721161850631,0.3298774208331937,1.1974556839397028,28.964803312629385,-0.1246736252180059,6.632142857142853,0.03870523990162155,0.12298387096774194,0.26411290322580644,0.7983870967741935,0.6834677419354839,0.1350806451612903,0.006048387096774193,0.6794354838709677,0.4282258064516129
2026-09-24,000977,浪潮信息,525.33,529.39,518.04,518.04,293807.0,2067843900.0000002,-0.019884589915807327,0.24507895306078287,-0.09794388878054228,0.6068328695269888,0.38023311176891794,27.736955392265997,0.30683980014086104,17.45928571428572,0.03370258226060868,0.5524193548387096,0.09475806451612903,0.34879032258064513,0.004032258064516129,0.11491935483870967,0.2620967741935484,0.7701612903225806,0.3168346774193548
2026-09-24,000988,华工科技,1099.53,1101.7,1071.89,1073.45,261601.0,2718936000.0,-0.02956199430456996,0.027824854699872503,-0.08352048685386138,0.5413576224217225,0.5658104706547501,58.846946421880865,0.4617671372788557,51.40285714285711,0.0478856557295236,0.35080645161290325,0.12298387096774194,0.4516129032258065,0.06653225806451613,0.842741935483871,0.40524193548387094,0.5080645161290323,0.36108870967741935
2026-09-24,001267,汇绿生态,37.9,38.46,36.98,37.05,19148700.0,713478700.0,-0.027814221988979315,-0.07282282282282293,-0.017840574715690782,0.5534833679425823,0.6886182377548442,55.516759776536304,0.4251446191003114,1.9464285714285725,0.052535184114131515,0.23387096774193547,0.3387096774193548,0.4354838709677419,0.20766129032258066,0.9758064516129032,0.375,0.39717741935483875,0.4035282258064516
2026-09-24,001270,铖昌科技,181.73,185.72,180.29,181.66,5510200.0,551411400.0,0.0007161350740925165,-0.14392082940622053,-0.102754069859333,0.26581265117952046,1.1227319498354678,60.72496263079223,0.5990680086313118,6.07071428571429,0.03341800223337163,0.1532258064516129,0.07661290322580645,0.8669354838709677,0.6411290322580645,0.7540322580645161,0.5423387096774194,0.7782258064516129,0.4988911290322581
2026-09-24,001330,博纳影业,5.55,5.99,5.55,5.78,155241500.0,906490600.0,0.00521739130434784,-0.15866084425036386,0.10972448881635799,0.7673658384641339,1.0727648747944014,50.21097046413503,0.5642785235626467,0.3614285714285714,0.0625308947108255,0.13911290322580644,0.7379032258064516,0.13306451612903225,0.5967741935483871,0.8024193548387096,0.49798387096774194,0.19153225806451613,0.42550403225806455
2026-09-24,001389,广合科技,190.25,192.38,179.38,182.54,12239000.0,2233435600.0,-0.057274182719619926,0.5665980089255063,0.0823492207805041,0.676122089479498,1.4113921569079684,67.7664342629482,0.7164045831574003,10.560714285714285,0.05785424721000485,0.7540322580645161,0.6733870967741935,0.21572580645161288,0.7681451612903226,0.4596774193548387,0.6774193548387096,0.282258064516129,0.5235887096774193
2026-09-24,001696,宗申动力,361.89,367.11,352.76,352.94,40837500.0,653316300.0,-0.039592914092900555,-0.14806411122912033,-0.01759490658374352,0.3705650068591304,0.8720393902354651,41.52465348784366,0.43161701051841145,10.453571428571422,0.029618551109456062,0.14919354838709678,0.34274193548387094,0.7419354838709677,0.41935483870967744,0.4334677419354839,0.37701612903225806,0.8205645161290323,0.48366935483870965
2026-09-24,001896,豫能控股,13.1,13.14,12.62,12.63,63741300.0,696757700.0,-0.041729893778452154,-0.12896551724137928,-0.14911295755670329,0.5066792306952197,0.8357933049522562,42.82982791586998,-0.10956466099827301,0.64,0.050673000791765635,0.17338709677419356,0.016129032258064516,0.5221774193548387,0.3810483870967742,0.4899193548387097,0.012096774193548387,0.44556451612903225,0.2890120967741936
2026-09-24,001979,招商蛇口,12.1,12.26,12.0,12.1,83995800.0,603307800.0,-0.005751848808545623,-0.06994619523443502,0.01851851851851838,0.2856272113526226,0.7167693283847039,57.04697986577178,0.7750022591958368,0.2514285714285713,0.02077922077922077,0.2399193548387097,0.4798387096774194,0.8467741935483871,0.2620967741935484,0.9193548387096774,0.7419354838709677,0.907258064516129,0.616633064516129
2026-09-24,002008,大族激光,1047.38,1054.81,1014.03,1015.01,32461400.0,2926250100.0,-0.04022504846106567,0.4227383588909759,-0.09482808591468284,0.5746171053830685,0.7046154991576344,52.30696099111678,0.10671755408548017,54.01071428571431,0.05321200213368766,0.6733870967741935,0.10080645161290322,0.39919354838709675,0.23387096774193547,0.8951612903225806,0.11088709677419355,0.38104838709677424,0.38165322580645156
2026-09-24,002028,思源电气,2218.67,2242.32,2166.67,2167.51,10000700.0,1271965800.0,-0.025194173229054706,-0.3930396601597831,-0.18534941145290085,0.4398062216759128,0.7415102096955313,23.182565430554178,-0.0381117631622272,81.48214285714279,0.03759251069528758,0.02217741935483871,0.008064516129032258,0.6491935483870968,0.28830645161290325,0.05241935483870968,0.03024193548387097,0.7036290322580645,0.2763104838709678
2026-09-24,002029,七 匹 狼,85.72,92.4,85.21,92.4,62206800.0,565685500.0,0.084379767632907,-0.08893709327548804,0.08235799420165368,0.5647282303083325,2.533331867256518,53.366365491110464,0.7783962492527648,3.507857142857144,0.03796382189239333,0.22580645161290322,0.6754032258064516,0.41330645161290325,0.9475806451612904,0.9314516129032258,0.7459677419354839,0.6975806451612903,0.6152217741935484
2026-09-24,002031,巨轮智能,72.03,75.64,71.63,73.9,124717400.0,667824800.0,0.014691747906082853,-0.12781777410598372,0.01412084368267208,0.3700577695119268,1.271514215166671,49.51887490747596,0.6703157455470434,2.636428571428575,0.03567562342934472,0.17540322580645162,0.46975806451612906,0.7439516129032258,0.7076612903225806,0.7681451612903226,0.6431451612903226,0.7399193548387097,0.583266129032258
2026-09-24,002046,国机精工,398.73,404.88,388.65,388.9,12870400.0,834117200.0,-0.033596739724665814,0.5070138727427729,0.19466715817282587,0.5599519658349231,0.8849936017019954,77.3079295456103,0.7705902374518943,21.717142857142868,0.05584248613304929,0.7258064516129032,0.8669354838709677,0.4193548387096774,0.4314516129032258,0.18951612903225806,0.7379032258064516,0.3266129032258065,0.5574596774193548
2026-09-24,002050,三花智控,441.32,454.09,439.05,443.95,51240200.0,1868210300.0,0.0023254763839970494,-0.14207586913251014,-0.04369588545460612,0.24839518919429765,1.2646652093291648,54.71396186158154,0.6490316280854519,11.405714285714282,0.02569143886859845,0.15725806451612903,0.23588709677419356,0.8850806451612904,0.7036290322580645,0.9879032258064516,0.6270161290322581,0.8810483870967742,0.5922379032258065
2026-09-24,002077,大港股份,20.04,21.6,19.83,21.1,70044600.0,1020262100.0000001,0.03279490944689201,-0.05929558626839049,0.07504054754039902,0.48723885097500824,1.5183388504259154,72.83950617283953,0.8589689746918392,0.9035714285714292,0.04282329045362224,0.26814516129032256,0.6592741935483871,0.5564516129032258,0.8044354838709677,0.2923387096774194,0.8286290322580645,0.6088709677419355,0.5587701612903226
2026-09-24,002080,中材科技,266.64,270.64,254.16,255.0,67355600.0,3939041400.0,-0.054013948657070765,0.4195056780227122,0.021466826362656732,0.6024214783998139,1.1278381567080782,67.12490511933879,0.6445982441743645,16.493571428571432,0.06468067226890757,0.6693548387096774,0.4939516129032258,0.3548387096774194,0.6471774193548387,0.4939516129032258,0.6209677419354839,0.157258064516129,0.46360887096774195
2026-09-24,002081,金 螳 螂,175.39,180.51,172.57,173.59,286604300.0,1447127900.0,-0.049134531113058766,0.34295218938573435,0.05822073342091394,0.5836257907013563,1.004954780518504,45.48651817116062,0.360493750109622,8.602857142857141,0.0495584834544452,0.6169354838709677,0.625,0.3790322580645161,0.5524193548387096,0.5967741935483871,0.3004032258064516,0.45967741935483875,0.5234879032258064
2026-09-24,002084,海鸥住工,21.4,22.43,20.43,21.07,107371000.0,698275000.0,-0.0042533081285444085,0.595003785011355,0.39499470338983045,0.8994859478619187,0.9865639003211287,40.95840867992768,0.5911042386824978,1.7114285714285715,0.0812258458200556,0.7620967741935484,0.9455645161290323,0.06854838709677424,0.5342741935483871,0.40725806451612906,0.5282258064516129,0.04233870967741937,0.4913306451612903
2026-09-24,002106,莱宝高科,50.32,50.32,46.47,46.47,54534600.0,715305600.0,-0.08433497536945811,0.1887950882578664,0.1225993477473124,0.49973022348958784,1.6517675344655856,65.39753639417694,0.7592681595135257,1.999285714285715,0.043023148575117603,0.5020161290322581,0.7520161290322581,0.5342741935483871,0.8508064516129032,0.5564516129032258,0.717741935483871,0.6008064516129032,0.6368951612903225
2026-09-24,002115,三维通信,60.44,62.24,60.44,60.78,56290300.0,577552100.0,0.01503006012024044,-0.13787234042553187,-0.058623093007047156,0.25378431989536765,1.541179232658917,35.769561478933795,0.3217843250501232,1.4250000000000007,0.023445212240868717,0.16733870967741934,0.1935483870967742,0.8810483870967742,0.8165322580645161,0.24798387096774194,0.2661290322580645,0.8931451612903226,0.5034274193548387
2026-09-24,002131,利欧股份,191.46,193.56,187.26,187.68,180515600.0,785618300.0,-0.021888680425265705,-0.4104416661431174,-0.05998787921285009,0.47955610572059304,0.4752765521631758,27.272727272727295,0.1277217376273225,6.239999999999997,0.03324808184143221,0.020161290322580645,0.18548387096774194,0.5826612903225806,0.020161290322580645,0.11088709677419355,0.125,0.7842741935483871,0.3029233870967742
2026-09-24,002138,顺络电子,337.49,339.54,321.7,322.17,31884500.0,1668463599.9999998,-0.05748639634895547,0.5096293519516424,0.04732471714939912,0.5656190819206912,1.0942801387356877,66.39776094830427,0.6655852237631208,15.462857142857157,0.047995955994838614,0.7278225806451613,0.5907258064516129,0.41129032258064513,0.6189516129032258,0.5241935483870968,0.6370967741935484,0.5,0.5602822580645161
2026-09-24,002141,贤丰控股,56.59,56.67,53.22,53.45,144187900.0,985812200.0,-0.04757662152530284,0.8143245078071963,0.09883332476743578,0.7847592137834225,0.8658464595092287,55.336676217765046,0.5440225956798543,3.8971428571428595,0.07291193371642393,0.8568548387096774,0.7137096774193549,0.12701612903225812,0.40524193548387094,0.9858870967741935,0.46975806451612906,0.07459677419354838,0.506149193548387
2026-09-24,002142,宁波银行,68.55,69.38,68.54,68.98,23775600.0,831415200.0,0.004660646664724766,0.15370463288175285,0.05438268884399533,0.16836505057258366,0.9078161282495131,53.96825396825398,0.5975301167229577,1.3149999999999966,0.019063496665700154,0.4798387096774194,0.6129032258064516,0.9435483870967742,0.4596774193548387,0.9516129032258065,0.5383064516129032,0.9153225806451613,0.7192540322580646
2026-09-24,002149,西部材料,103.22,106.55,102.5,103.49,21358000.0,710058900.0,0.0005801024847722491,-0.3184721764899572,-0.09465092577607293,0.20430494156064227,1.5398102741493842,38.24175824175819,0.19196866608608076,2.7664285714285697,0.026731361208122233,0.04233870967741935,0.1028225806451613,0.9193548387096774,0.8145161290322581,0.3286290322580645,0.1814516129032258,0.8629032258064516,0.46875
2026-09-24,002155,湖南黄金,84.75,84.95,82.24,82.27,41218300.0,989108200.0000001,-0.04348331589350085,-0.14284225880391754,-0.03853870036579243,0.6224891030801586,0.5260710077100277,34.8084348084348,-0.027395595939967696,3.6185714285714283,0.04398409418465332,0.15524193548387097,0.2540322580645161,0.32258064516129037,0.046370967741935484,0.2217741935483871,0.03225806451612903,0.5846774193548387,0.2674395161290323
2026-09-24,002156,通富微电,170.25,171.09,166.22,166.28,46276300.0,2851632199.9999995,-0.028113858203284825,0.49398023360287513,-0.04557547394532402,0.42995815417204525,0.6807247768399739,62.85191119249256,0.6111734484629515,6.3957142857142895,0.03846352108319876,0.7116935483870968,0.22983870967741934,0.6612903225806452,0.18951612903225806,0.657258064516129,0.5625,0.685483870967742,0.5120967741935484
2026-09-24,002181,粤 传 媒,20.38,22.27,20.36,21.34,137237100.0,1344885900.0,0.047105004906771386,-0.17764932562620417,0.07688943464145748,0.6558243263252487,1.668272694683235,50.82926829268291,0.5902640525018844,1.256428571428571,0.05887669031998927,0.1310483870967742,0.6633064516129032,0.24193548387096775,0.8588709677419355,0.8306451612903226,0.5241935483870968,0.2661290322580645,0.4689516129032258
2026-09-24,002185,华天科技,203.96,205.57,198.8,198.8,219584600.0,3900611300.0,-0.04358702973155004,0.5367965367965368,-0.02579980708745344,0.5178035500451875,0.9636497114959119,66.66666666666666,0.7229260357230082,8.44785714285714,0.04249425122161539,0.7399193548387096,0.31451612903225806,0.4979838709677419,0.5161290322580645,0.5100806451612904,0.6875,0.6129032258064516,0.5181451612903226
2026-09-24,002202,金风科技,136.75,139.03,136.27,137.17,70319100.0,1265992200.0,0.0035850160959904898,-0.2295984274080316,-0.059178841983609676,0.2387544149881815,0.8165605523048448,56.08919382504285,0.3695655144986746,3.759999999999999,0.027411241525114816,0.08266129032258064,0.19153225806451613,0.8911290322580645,0.3649193548387097,0.9475806451612904,0.3165322580645161,0.8508064516129032,0.5132056451612903
2026-09-24,002222,福晶科技,176.71,182.11,173.03,173.5,20094500.0,1396663900.0000002,-0.02582818641212803,-0.006072410632447345,0.04564475399725576,0.4693637642159583,0.9531439472904686,59.0881823635273,0.5639410355217129,7.665714285714287,0.04418279127212846,0.3165322580645161,0.5826612903225806,0.594758064516129,0.5040322580645161,0.8366935483870968,0.4939516129032258,0.5786290322580645,0.5576612903225807
2026-09-24,002238,天威视讯,26.34,26.66,25.64,26.66,86861900.0,722575300.0,0.0754336425978217,0.1071428571428572,0.26152414451218053,0.469023371738134,8.04718702028058,79.49400798934755,1.335163960869081,0.7371428571428564,0.02764976958525343,0.44556451612903225,0.8951612903225806,0.5967741935483871,1.0,0.15524193548387097,0.9959677419354839,0.8467741935483871,0.7023185483870968
2026-09-24,002241,歌尔股份,567.21,568.08,553.39,557.06,86450600.0,2077083400.0,-0.01939867624278291,0.06514464903726647,0.04403888953965085,0.33894602032771287,1.074223481293699,54.04679437336535,0.6733556439732363,17.21857142857144,0.030909725036031024,0.4173387096774194,0.5725806451612904,0.782258064516129,0.6008064516129032,0.9536290322580645,0.6471774193548387,0.8084677419354839,0.6712701612903225
2026-09-24,002245,蔚蓝锂芯,334.57,341.8,328.32,334.96,48653700.0,815681200.0,-0.00581740472515746,0.45325176797258004,-0.0614194527001658,0.4273919135324766,0.9583891776641587,49.04983517548961,0.06501538380843541,14.861428571428576,0.04436777099184552,0.6875,0.1814516129032258,0.6633064516129032,0.5100806451612904,0.7379032258064516,0.07862903225806452,0.5665322580645161,0.4948588709677419
2026-09-24,002246,北化股份,39.48,40.91,38.52,40.31,43746000.0,1129390200.0,0.015621063240111033,0.06443094797993143,0.24895429899302868,0.5047745698462277,1.9573246317264579,72.11660329531053,0.881656197125026,1.927857142857143,0.047825778785838324,0.41330645161290325,0.8911290322580645,0.5262096774193548,0.905241935483871,0.3185483870967742,0.844758064516129,0.5100806451612903,0.631149193548387
2026-09-24,002273,水晶光电,361.31,364.53,351.16,351.93,30815900.0,787691500.0,-0.03591387245233402,0.023528385295486398,-0.06645781579299903,0.3317970218213345,1.0464828218316125,52.816901408450704,0.44087665582338564,10.860000000000001,0.03085840934276703,0.34274193548387094,0.1693548387096774,0.7963709677419355,0.5826612903225806,0.9153225806451613,0.38911290322580644,0.810483870967742,0.543850806451613
2026-09-24,002281,光迅科技,574.58,575.78,552.5,553.28,19619700.0,3635031000.0,-0.041624084114254,1.1361337400100382,-0.024360137507946078,0.628357853650947,0.6365148043052028,59.03858317520556,0.5287144130628066,29.99571428571428,0.054214347682392784,0.9153225806451613,0.3185483870967742,0.30241935483870963,0.1310483870967742,0.8387096774193549,0.45564516129032256,0.3608870967741935,0.4513104838709677
2026-09-24,002290,禾盛新材,189.6,198.55,185.59,188.69,11655700.0,874018200.0000001,-0.010072923771050957,0.18012383513665653,0.13280268957340047,0.7114560756617815,1.576938973894467,67.72307332475735,0.9001502996147412,10.222857142857139,0.05417805470802448,0.4939516129032258,0.7862903225806451,0.18548387096774188,0.8286290322580645,0.46169354838709675,0.8568548387096774,0.3629032258064516,0.5340725806451613
2026-09-24,002303,美盈森,67.92,68.32,65.6,65.76,140542600.0,911562899.9999999,-0.040840140023337135,0.5166051660516606,0.19248531154041437,0.6258033911739403,1.9051644468513484,66.10169491525424,0.8407027638557101,3.0457142857142867,0.04631560653458465,0.7318548387096774,0.8649193548387096,0.3125,0.9012096774193549,0.530241935483871,0.8104838709677419,0.5362903225806452,0.6526209677419355
2026-09-24,002328,新朋股份,25.76,27.12,25.76,25.89,68095500.0,607010900.0,-0.01671097607292049,0.17043399638336343,0.12963043762816895,0.5628399348050376,0.8479875092276105,30.11734028683179,0.49687235607481495,0.9914285714285713,0.03829388070407769,0.4899193548387097,0.7721774193548387,0.4173387096774194,0.3911290322580645,0.1532258064516129,0.42943548387096775,0.6915322580645161,0.5296370967741936
2026-09-24,002335,科华数据,239.45,241.04,235.8,236.83,39912700.0,1277017000.0,-0.022212129969860883,-0.12285185185185177,0.020459751955130834,0.3578265931466007,2.0614094211038716,60.66309791055087,0.9545898064909558,7.2064285714285665,0.03042869810171248,0.1814516129032258,0.4838709677419355,0.7560483870967742,0.9173387096774194,0.7600806451612904,0.9012096774193549,0.814516129032258,0.634375
2026-09-24,002342,巨力索具,18.81,20.54,18.74,19.73,140044100.0,1104378100.0,0.04446797247220746,-0.4179941002949852,-0.022404267794174704,0.33608778200541506,2.954739106432794,50.89605734767027,0.5074907164823003,0.8335714285714284,0.042248932010716084,0.018145161290322582,0.3225806451612903,0.7883064516129032,0.9657258064516129,0.8346774193548387,0.4314516129032258,0.6169354838709677,0.5351814516129032
2026-09-24,002353,杰瑞股份,943.74,967.45,931.18,937.65,16620400.0,1946034000.0,-0.00677930194375298,0.07963246554364467,-0.14680325336708577,0.32021147355711976,0.9698781875151905,33.43890571926926,0.08166762964484335,45.73214285714284,0.048773148677164015,0.4274193548387097,0.018145161290322582,0.8165322580645161,0.5221774193548387,0.19556451612903225,0.09475806451612903,0.47782258064516125,0.3801411290322581
2026-09-24,002354,天娱数科,22.24,22.49,21.71,21.9,124952700.0,941996900.0,-0.006352087114337546,0.32246376811594213,-0.016437617892751444,0.6501101156067949,0.4227440734769147,31.318681318681342,0.20906640563716497,0.9585714285714294,0.04377038486627532,0.6068548387096774,0.3487903225806452,0.2520161290322581,0.008064516129032258,0.17137096774193547,0.1935483870967742,0.5907258064516129,0.344858870967742
2026-09-24,002361,神剑股份,87.98,91.26,87.42,88.38,87323400.0,892722000.0,0.0036338859868270124,-0.39291111416403357,-0.04749245581261674,0.3523530751730832,1.0687902926482833,41.958041958041946,0.2789181247414338,3.3714285714285737,0.03814696279054734,0.024193548387096774,0.22379032258064516,0.7681451612903226,0.592741935483871,0.45161290322580644,0.23588709677419356,0.6935483870967742,0.4334677419354839
2026-09-24,002365,永安药业,48.81,49.92,44.79,44.91,38484100.0,535510800.0,-0.023483365949119483,-0.037917737789203154,0.002242827971747241,0.6479873377973553,1.2130365471857352,44.43005181347149,0.1539896612188314,2.6978571428571434,0.06007252600438975,0.2923387096774194,0.4213709677419355,0.26008064516129037,0.6935483870967742,0.5483870967741935,0.14717741935483872,0.22983870967741937,0.3672379032258065
2026-09-24,002384,东山精密,1389.1,1401.05,1343.02,1345.83,39982900.0,7533577900.0,-0.036145527465444416,0.7439808215627832,-0.08546055357917648,0.5033129012611621,0.6918503500226808,55.2336318684592,0.32317960143466073,71.01785714285714,0.05276881711869786,0.8245967741935484,0.11895161290322581,0.532258064516129,0.21370967741935484,0.9899193548387096,0.2701612903225806,0.3891129032258065,0.45211693548387094
2026-09-24,002396,星网锐捷,150.21,153.68,148.38,149.62,64463200.0,2382680900.0,0.003353004291845485,0.8002647094212489,0.13119674597594266,0.7064002214237909,0.6404622703886348,48.62062218743887,0.37757558294261556,8.635,0.05771287261061355,0.8508064516129032,0.7782258064516129,0.1875,0.13306451612903225,0.7137096774193549,0.33064516129032256,0.28830645161290325,0.504133064516129
2026-09-24,002407,多氟多,247.65,249.62,240.38,240.46,52836600.0,1655503400.0,-0.03414203084832901,0.11251966318127149,-0.10842832962864757,0.39978759801690383,0.6685265739648448,36.68420027274502,0.09942522339120768,7.802857142857137,0.03244970948539107,0.4536290322580645,0.06048387096774194,0.7076612903225806,0.1774193548387097,0.2782258064516129,0.10483870967741936,0.7943548387096774,0.3946572580645161
2026-09-24,002409,雅克科技,416.11,419.8,407.35,407.56,9667900.0,1296668600.0,-0.03316411253973528,0.7023516143853641,-0.10508096452580118,0.4001569620562903,0.6019319550850016,58.4463953179037,0.4325050974498665,17.140714285714292,0.042056910113147244,0.8125,0.06653225806451613,0.7056451612903225,0.0907258064516129,0.8689516129032258,0.3790322580645161,0.6209677419354839,0.4877016129032258
2026-09-24,002422,科伦药业,278.91,279.99,261.99,263.55,28601800.0,1125240500.0,-0.06072917780391307,0.0727368935200261,-0.10271687321258327,0.3935644030433471,1.622583120240876,37.799043062200944,-0.024610002509900277,8.777142857142861,0.03330352061143184,0.4213709677419355,0.07862903225806452,0.717741935483871,0.8467741935483871,0.31451612903225806,0.034274193548387094,0.780241935483871,0.4612903225806452
2026-09-24,002428,云南锗业,482.89,499.79,477.28,477.95,37947600.0,3539152400.0,-0.0291488929514524,0.9239594235568795,0.006054146671236715,0.445483338155612,0.7718035321549721,59.46596102958864,0.419700392631807,22.025714285714294,0.04608372065219018,0.8810483870967742,0.43548387096774194,0.6411290322580645,0.3125,0.8185483870967742,0.3689516129032258,0.5383064516129032,0.5815524193548387
2026-09-24,002432,九安医疗,205.35,207.39,200.49,200.73,10244800.0,639631700.0,-0.024066511085180986,-0.211834458928852,-0.0778581207104071,0.35066713692188933,0.6225926857756824,35.36102868447081,0.305340195924196,7.221428571428569,0.035975831073723756,0.10080645161290322,0.13911290322580644,0.7701612903225806,0.11088709677419355,0.23588709677419356,0.2600806451612903,0.7358870967741935,0.3619959677419355
2026-09-24,002436,兴森科技,555.52,557.2,527.2,529.12,120987400.0,5309165699.999999,-0.05548018564798296,1.1505446268899369,0.179029181596164,0.6599233550870954,0.8858577196555544,74.05247813411079,0.7516557869304274,34.21714285714286,0.06466802021685603,0.9173387096774194,0.8387096774193549,0.2358870967741935,0.4334677419354839,0.25806451612903225,0.7076612903225806,0.16129032258064513,0.5231854838709677
2026-09-24,002437,誉衡药业,59.86,59.86,57.01,57.31,184443400.0,654230100.0,-0.03534758458172016,-0.07728224118499427,-0.012322274881516493,0.7538804470552388,0.44655542612100135,35.89743589743591,0.30306906722653854,2.9678571428571416,0.0517860258743176,0.2318548387096774,0.3649193548387097,0.14516129032258063,0.014112903225806451,0.2560483870967742,0.25806451612903225,0.4193548387096774,0.2578629032258064
2026-09-24,002460,赣锋锂业,614.02,614.4,592.48,592.6,27464900.0,1218260100.0,-0.0378464386030426,-0.434250472571745,-0.13760234241523728,0.26464537039111685,0.99374623250671,15.71270495925964,0.11586158151074658,15.280714285714282,0.02578588303360493,0.014112903225806451,0.024193548387096774,0.8709677419354839,0.5463709677419355,0.014112903225806451,0.12096774193548387,0.8790322580645161,0.3763104838709677
2026-09-24,002463,沪电股份,344.02,347.72,335.22,337.21,37922500.0,4748253400.0,-0.030977901663840957,0.6155320270205529,0.021234197005740363,0.48875672684158705,0.7967084998591881,67.37411568872244,0.5188335218735199,16.176428571428566,0.04797137858138421,0.7701612903225806,0.4899193548387097,0.5504032258064516,0.3407258064516129,0.48185483870967744,0.4435483870967742,0.502016129032258,0.5278225806451612
2026-09-24,002465,海格通信,71.25,73.29,71.01,71.79,70169500.0,728067700.0,0.008428150021070557,-0.258903685351502,-0.014063229598703542,0.17078955278499347,1.6900579710633616,59.50920245398772,0.8089607818989203,1.5557142857142858,0.021670348038923048,0.06854838709677419,0.3548387096774194,0.9415322580645161,0.8649193548387096,0.8165322580645161,0.7782258064516129,0.9012096774193549,0.6295362903225807
2026-09-24,002466,天齐锂业,370.66,372.61,361.34,361.34,23774500.0,983868700.0,-0.03439245343523689,-0.2635483542239886,-0.12295300482164695,0.30412652801808693,0.7017706984278087,20.063542494042892,0.143291758976037,9.411428571428562,0.026045908483501863,0.06451612903225806,0.04233870967741935,0.8266129032258065,0.22580645161290322,0.028225806451612902,0.14112903225806453,0.875,0.3492943548387097
2026-09-24,002472,双环传动,182.5,192.23,181.98,189.66,37997800.0,1474521300.0,0.034753669049047975,0.08924879393521712,0.021298135302527665,0.4075176540801495,1.6762645722145708,54.465624330691774,1.012930196894751,6.245,0.03292734366761573,0.4375,0.49193548387096775,0.6915322580645161,0.8629032258064516,0.9737903225806451,0.9395161290322581,0.7903225806451613,0.676108870967742
2026-09-24,002475,立讯精密,1815.81,1815.81,1741.92,1745.51,70797100.0,3725995400.0,-0.04251210909430003,0.04397779877749741,-0.08904707372074594,0.36959332478224494,0.8281890121721867,43.22737505628095,0.11427997806645195,58.69357142857142,0.033625456988829294,0.37701612903225806,0.11088709677419355,0.7459677419354839,0.375,0.5080645161290323,0.11895161290322581,0.7721774193548387,0.4435483870967742
2026-09-24,002484,江海股份,264.62,267.39,257.65,258.34,24076900.0,1412835200.0,-0.030691880534293836,1.0006195307054906,-0.1261280409254687,0.5750880727968748,0.5959075580855737,54.65528562048587,0.302889160099901,13.433571428571426,0.051999579734347864,0.8951612903225806,0.04032258064516129,0.39717741935483875,0.08266129032258064,0.9838709677419355,0.2560483870967742,0.41330645161290325,0.405241935483871
2026-09-24,002487,大金重工,174.45,185.43,172.38,182.14,84802800.0,3341430300.0000005,0.04871027176416387,-0.4440170940170941,0.004240850926968243,0.5502987063194995,1.663878748054989,71.83160356673,0.8172757547136842,10.047142857142859,0.05516164959450346,0.012096774193548387,0.4274193548387097,0.4375,0.8568548387096774,0.32661290322580644,0.7903225806451613,0.3407258064516129,0.405141129032258
2026-09-24,002491,通鼎互联,95.27,98.82,94.22,94.41,170355400.0,4145019099.9999995,-0.019524353515422255,0.9510229386236826,0.18774637255724236,0.7018888105023429,0.9454492256580626,64.96743768246125,0.7545671866575298,5.379285714285715,0.056977923040840116,0.8870967741935484,0.8588709677419355,0.19758064516129037,0.49798387096774194,0.5826612903225806,0.7096774193548387,0.30443548387096775,0.5765120967741936
2026-09-24,002531,天顺风能,57.17,59.77,57.17,59.55,137194400.0,1010351799.9999999,0.03511211541804271,-0.3176349260914404,0.09058943108042516,0.5774970664849917,1.3136457167369318,67.00952380952381,0.6831793082498409,3.729285714285715,0.06262444524409261,0.04435483870967742,0.6895161290322581,0.3911290322580645,0.7278225806451613,0.5,0.6612903225806451,0.1875,0.44122983870967747
2026-09-24,002536,飞龙股份,244.2,246.36,237.0,238.67,27306500.0,1392712600.0,-0.029283767844796138,0.7847154714723696,0.033808382827180905,0.6337992801009461,0.49504712660463374,21.818781977223964,0.14420631865029437,13.26785714285715,0.055590803799627726,0.842741935483871,0.5483870967741935,0.28830645161290325,0.034274193548387094,0.038306451612903226,0.1431451612903226,0.3286290322580645,0.3848790322580645
2026-09-24,002552,宝鼎科技,160.66,161.68,151.24,151.48,19634600.0,1000371200.0,-0.06603366422097545,2.028388644542183,-0.013702554619769547,0.590384153161816,0.677011049969502,60.925306577480484,0.38857482651844655,10.399285714285709,0.06865121279565427,0.9838709677419355,0.3588709677419355,0.36895161290322576,0.1814516129032258,0.7399193548387096,0.3387096774193548,0.1088709677419355,0.43649193548387094
2026-09-24,002558,巨人网络,104.82,106.64,104.46,104.9,32075400.0,763051200.0,0.0007632131272659048,-0.2627732096422798,-0.09659176540666992,0.28231844742266604,0.5979983013890633,12.6450116009281,0.182431709259341,2.6207142857142856,0.02498297698488356,0.06653225806451613,0.0967741935483871,0.8487903225806451,0.0846774193548387,0.010080645161290322,0.17338709677419356,0.8870967741935484,0.35514112903225803
2026-09-24,002565,顺灏股份,69.04,74.17,68.81,70.34,115278500.0,1022519600.0000001,0.013252664938058212,-0.4467516123957842,-0.04068954700743954,0.38449555311388806,1.8248360922703462,53.389043639740045,0.6136703332371828,3.3857142857142852,0.04813355538405296,0.010080645161290322,0.2439516129032258,0.7217741935483871,0.8911290322580645,0.9334677419354839,0.5685483870967742,0.4959677419354839,0.49213709677419365
2026-09-24,002585,双星新材,43.69,44.84,42.64,42.71,102941200.0,1170385300.0,-0.03936122357174987,0.5457835685848715,0.12594245944568438,0.7353565344794714,1.0213246914966185,66.92439862542957,0.644142417013799,2.257142857142857,0.05284811185068736,0.7439516129032258,0.7661290322580645,0.155241935483871,0.5705645161290323,0.5020161290322581,0.6169354838709677,0.3870967741935484,0.5303427419354839
2026-09-24,002594,比亚迪,267.64,268.6,263.23,263.56,18221600.0,1547053100.0,-0.01689731060464761,-0.16175815787799763,-0.053139078430855746,0.23996421064797363,0.6880155533743879,38.73343151693662,0.2871881849818437,4.902857142857142,0.01860243262580491,0.13709677419354838,0.21370967741935484,0.8891129032258065,0.2056451612903226,0.35080645161290325,0.24596774193548387,0.9213709677419355,0.4579637096774194
2026-09-24,002602,世纪华通,132.75,134.21,131.75,132.93,55714900.0,791261900.0,-0.0021019442984760994,-0.15131200919364096,0.014051629439765456,0.3914610905191037,0.48818742470222287,22.667792317433538,0.30935560419114294,3.98285714285714,0.029962063814467314,0.14516129032258066,0.46774193548387094,0.719758064516129,0.03024193548387097,0.04838709677419355,0.26411290322580644,0.8165322580645161,0.4262096774193548
2026-09-24,002625,光启技术,170.39,170.78,164.35,165.39,43684000.0,1097845100.0,-0.05916149951646854,-0.33452701887096126,-0.13327982238324043,0.35364584051154496,2.0853746181877377,25.430844012372944,-0.23528266617618632,6.201428571428575,0.03749578917364155,0.036290322580645164,0.03225806451612903,0.7641129032258065,0.9213709677419355,0.08064516129032258,0.004032258064516129,0.7056451612903225,0.3725806451612903
2026-09-24,002631,德尔未来,56.06,58.22,54.58,57.58,74214700.0,1025165600.0,0.02346249555634561,1.0432931156848828,0.47795136809322547,0.912861436593312,1.3807222928622145,68.62244897959184,0.9041651614170533,3.320000000000001,0.05765890934352208,0.905241935483871,0.967741935483871,0.06048387096774188,0.7600806451612904,0.42338709677419356,0.8608870967741935,0.2963709677419355,0.5956653225806452
2026-09-24,002635,安洁科技,84.74,84.74,80.47,80.83,66327200.0,1060286400.0,-0.051736274049741904,0.16101694915254217,0.027591438221197695,0.44684896442455635,4.0833222519367816,59.322033898305065,0.7679720807099847,2.660714285714284,0.03291741043813292,0.48588709677419356,0.5141129032258065,0.6350806451612903,0.9899193548387096,0.8245967741935484,0.7318548387096774,0.7923387096774194,0.6653225806451614
2026-09-24,002636,金安国纪,223.23,223.62,211.82,211.82,51040100.0,4242843700.0,-0.07145362090128005,1.7623891497130932,0.1058777053725024,0.7145077315471039,0.76790511936997,71.41555285540703,0.6526693625681217,14.610714285714286,0.06897702901385273,0.9737903225806451,0.7298387096774194,0.17741935483870963,0.3084677419354839,0.3407258064516129,0.6290322580645161,0.10483870967741937,0.47610887096774185
2026-09-24,002655,共达电声,118.06,118.72,112.78,112.99,18909500.0,722651200.0,-0.054714297665858,1.0321942446043164,0.10802753643085494,0.6872616496914122,0.7162694820223349,49.28205128205128,0.4365306348247068,7.373571428571428,0.06525861959971173,0.9012096774193549,0.7318548387096774,0.20564516129032262,0.2600806451612903,0.7560483870967742,0.3850806451612903,0.15120967741935487,0.5028225806451613
2026-09-24,002669,康达新材,30.96,32.7,30.42,32.34,48637000.0,721152100.0000001,0.04054054054054079,0.208068733657079,0.190414841535687,0.4842454762722739,2.0185524044625045,79.41176470588235,0.9669631998951913,1.535714285714286,0.047486527078363816,0.5262096774193549,0.8608870967741935,0.564516129032258,0.9112903225806451,0.15725806451612903,0.9133064516129032,0.5141129032258065,0.6366935483870968
2026-09-24,002708,光洋股份,54.86,55.26,50.95,51.19,38850100.0,650402700.0,-0.04371380534279845,0.41097023153252477,0.3137150067366712,0.677960194978552,0.8883268549663231,59.5980962453728,0.5928458560432228,2.8328571428571423,0.05534004967488069,0.6612903225806451,0.9254032258064516,0.20967741935483875,0.43548387096774194,0.8084677419354839,0.5342741935483871,0.33467741935483875,0.5737903225806451
2026-09-24,002709,天赐材料,470.58,473.16,457.52,457.66,28750500.0,923850600.0,-0.031099820048692717,-0.27323254779902173,-0.13673135826579186,0.23396871512953415,0.8058340812277839,32.12244379524961,0.1164280559932442,11.280000000000014,0.024647117947821554,0.056451612903225805,0.028225806451612902,0.9012096774193549,0.3528225806451613,0.1774193548387097,0.12298387096774194,0.8891129032258065,0.3883064516129032
2026-09-24,002714,牧原股份,799.96,800.65,784.88,785.91,27200600.0,1106455800.0,-0.01967119049995003,-0.05654193827204956,0.006842014461239332,0.25139366662206797,0.7023847242955457,24.892956091008344,0.020706958773584805,15.692142857142878,0.019966844622339552,0.2701612903225806,0.4375,0.8830645161290323,0.22983870967741934,0.07258064516129033,0.0625,0.9112903225806451,0.4965725806451613
2026-09-24,002716,湖南白银,35.71,35.71,34.55,34.66,127171000.0,1167868300.0,-0.04832509610104352,-0.20993845452473214,-0.007464538668601195,0.5548325819897941,0.6611636331251242,22.46026261230128,0.06874729553220268,1.692857142857143,0.048841810238232634,0.10483870967741936,0.3790322580645161,0.42943548387096775,0.16733870967741934,0.04233870967741935,0.08266129032258064,0.47580645161290325,0.2928427419354838
2026-09-24,002741,光华科技,83.2,88.3,83.11,87.1,72851800.0,2056366500.0,0.04049695376896434,0.6568385010462239,0.1250468231312727,0.40817777123991805,2.5946359853051426,87.8787878787879,1.121358066131398,4.08642857142857,0.04691651631950138,0.7963709677419355,0.7600806451612904,0.685483870967742,0.9556451612903226,0.04032258064516129,0.9758064516129032,0.5262096774193548,0.673891129032258
2026-09-24,002747,埃斯顿,179.75,184.31,178.85,178.85,38852600.0,1157186900.0,-0.004009578437378147,0.4728650251173514,-0.128559943479426,0.22695631686267917,1.379723995541144,43.96355353075169,0.322455285147814,5.1471428571428595,0.02877910459682896,0.7016129032258065,0.038306451612903226,0.905241935483871,0.7580645161290323,0.5383064516129032,0.26814516129032256,0.8326612903225806,0.5638104838709678
2026-09-24,002768,国恩股份,348.06,357.54,346.13,350.58,12653900.0,988094400.0,-0.012534152043489288,1.4457932189200502,0.3108677484829996,0.5090104513437493,1.6114721832920826,86.61512667660205,1.0563733858855993,14.628571428571442,0.04172677114658977,0.9616935483870968,0.9173387096774194,0.5161290322580645,0.842741935483871,0.05443548387096774,0.9536290322580645,0.6290322580645161,0.7085685483870968
2026-09-24,002792,通宇通讯,99.93,101.71,98.73,99.05,23264200.0,775665500.0,-0.00880616431502057,-0.19386343289655739,0.07820672613766888,0.5172674390356612,0.7878133795054468,61.276973100798095,0.7936464817646508,4.542857142857139,0.045864282108603126,0.11895161290322581,0.6653225806451613,0.502016129032258,0.32661290322580644,0.7217741935483871,0.7661290322580645,0.5403225806451613,0.5087701612903226
2026-09-24,002815,崇达技术,54.25,54.57,52.47,52.53,63562200.0,1535413900.0000002,-0.037735849056603765,0.6524064171122996,0.4649042081485817,0.5740320527578682,0.7212291607048557,85.31202435312026,0.7674844822932652,3.292857142857144,0.06268526828207013,0.7943548387096774,0.9616935483870968,0.40120967741935487,0.2661290322580645,0.06653225806451613,0.7278225806451613,0.18346774193548387,0.5369959677419355
2026-09-24,002819,东方中科,34.6,35.33,34.29,35.33,18617800.0,493825199.99999994,0.09754582168375281,0.10961055276381915,0.2682856783874501,0.5120305312263946,4.162569561358205,80.75160403299725,1.404278602332364,1.324285714285714,0.03748332052889086,0.4475806451612903,0.8971774193548387,0.5100806451612903,0.9919354838709677,0.13911290322580644,1.0,0.7076612903225806,0.6627016129032257
2026-09-24,002821,凯莱英,549.0,551.52,521.53,521.62,8098800.0,1477641700.0000002,-0.04952623906705533,0.3970592173982912,0.053071475293338555,0.4878497987033662,0.8929015386091053,61.83286322659147,0.6014632503775047,25.642857142857146,0.04916003439833048,0.6411290322580645,0.6088709677419355,0.5544354838709677,0.4375,0.6955645161290323,0.5463709677419355,0.4717741935483871,0.5706653225806452
2026-09-24,002827,高争民爆,119.14,120.59,113.81,117.65,12606500.0,965230000.0,-0.034706268460781065,1.1929170549860206,0.5801455462011817,0.8013679891105572,0.9788479852534161,61.648318952692655,0.9411729204487802,7.023571428571428,0.05969886467124035,0.9233870967741935,0.9737903225806451,0.11693548387096775,0.5262096774193549,0.7016129032258065,0.8911290322580645,0.24193548387096775,0.6089717741935483
2026-09-24,002837,英维克,840.51,841.88,789.78,792.8,50944100.0,2960231500.0,-0.06514946052709158,-0.09850698748052711,-0.05729310657475051,0.48163636173895297,1.0342171652833891,28.067910090865624,-0.0017482856637764342,32.80428571428571,0.04137775695545625,0.21370967741935484,0.1975806451612903,0.5786290322580645,0.5786290322580645,0.12298387096774194,0.046370967741935484,0.6391129032258065,0.3655241935483871
2026-09-24,002851,麦格米特,276.27,293.08,270.2,278.1,41045500.0,5068624500.0,-0.0019379844961239234,0.2695152013147084,-0.04570340626578118,0.6081353330784128,1.444595450450839,51.856520742608296,0.3768198413285084,15.427857142857151,0.05547593363127346,0.5705645161290323,0.22782258064516128,0.3467741935483871,0.7782258064516129,0.8830645161290323,0.3286290322580645,0.3326612903225806,0.4443548387096774
2026-09-24,002859,洁美科技,278.7,291.39,269.12,269.24,13387700.0,900801200.0,-0.042872378243867804,0.6290917891934409,-0.033196321999774736,0.4764338326158876,0.8558753084221667,60.857432775241,0.5443688109592862,13.296428571428574,0.04938504149245496,0.780241935483871,0.2842741935483871,0.5866935483870968,0.3971774193548387,0.7459677419354839,0.4717741935483871,0.46370967741935487,0.5129032258064516
2026-09-24,002886,沃特股份,69.5,69.5,66.03,66.03,31106300.0,812152000.0,-0.0591336563123398,0.2676137454405836,0.14101556087403555,0.9446460523811638,0.6913979179356862,51.77824267782426,0.2965861783609484,4.405000000000001,0.06671210056035137,0.5645161290322581,0.7963709677419355,0.0463709677419355,0.20967741935483872,0.8790322580645161,0.24798387096774194,0.13104838709677424,0.43397177419354843
2026-09-24,002913,奥士康,189.11,189.97,181.09,181.59,10585200.0,934156100.0,-0.04280217173580736,0.7938358194211201,0.4531423800518015,0.6529563602119819,0.8955280702771093,83.14491264131551,0.8198459973438922,10.768571428571434,0.0593015663228781,0.8487903225806451,0.9596774193548387,0.25,0.4415322580645161,0.10080645161290322,0.7943548387096774,0.25806451612903225,0.5498991935483871
2026-09-24,002935,天奥电子,70.74,78.57,69.56,73.87,30047500.0,545664400.0,0.030983949755757134,-0.005251817936978154,0.08676036446022417,0.4530464031963924,5.1225464498481434,73.11991869918697,1.2824082450918064,2.5621428571428555,0.03468448432574598,0.3185483870967742,0.6814516129032258,0.6209677419354839,0.9959677419354839,0.2842741935483871,0.9919354838709677,0.7540322580645161,0.6330645161290323
2026-09-24,002937,兴瑞科技,50.71,52.28,49.19,51.38,25728400.0,775437400.0,0.003711662434069174,0.1284867120579838,-0.045303785276966546,0.4843805253884815,2.569477838248652,62.81771968046477,0.7867347829766874,2.125,0.04135850525496302,0.46774193548387094,0.2318548387096774,0.5625,0.9536290322580645,0.6592741935483871,0.7580645161290323,0.6411290322580645,0.5359879032258064
2026-09-24,002938,鹏鼎控股,92.3,93.19,87.88,88.14,27503100.0,2313559600.0,-0.05621586893671704,0.5981867633726201,-0.0863622935271039,0.49073223923926224,1.2328966083923452,49.363867684478386,-0.016222384659436945,4.668571428571428,0.052967681286265354,0.7661290322580645,0.11491935483870967,0.5443548387096775,0.6955645161290323,0.7620967741935484,0.04233870967741935,0.38508064516129037,0.45816532258064524
2026-09-24,002957,科瑞技术,44.87,44.95,42.64,42.69,21685700.0,914776400.0,-0.05490369714412224,0.41264063534083384,0.030491509126532312,0.6903248173165197,1.1269440586605206,60.91476091476092,0.5641215542038833,2.34142857142857,0.05484723755981658,0.6633064516129032,0.5342741935483871,0.2016129032258065,0.6451612903225806,0.7419354838709677,0.4959677419354839,0.35080645161290325,0.4895161290322581
2026-09-24,002971,和远气体,53.69,56.95,53.22,56.87,28026200.0,1183860200.0,0.0332485465116279,0.5133049494411921,-0.0012147467326240058,0.7161604146730814,1.454297700284283,63.92823418319169,0.7016752514094536,2.9992857142857132,0.05273933030219295,0.7298387096774194,0.4032258064516129,0.1733870967741935,0.782258064516129,0.6189516129032258,0.6673387096774194,0.3951612903225806,0.4777217741935484
2026-09-24,002975,博杰股份,295.79,308.8,290.49,291.3,16122900.0,1826367100.0,0.002961024652251787,1.0485232067510553,0.11333421238197339,0.6773636598781774,1.2470183677825937,73.74668664284896,0.9409622501607146,15.562857142857142,0.053425530871462894,0.907258064516129,0.7459677419354839,0.21370967741935487,0.6975806451612904,0.2620967741935484,0.8891129032258065,0.3770161290322581,0.5622983870967742
2026-09-24,002980,华盛昌,164.89,166.78,156.05,156.17,8774800.0,969906700.0,-0.0664155906264946,1.456661947459493,0.09625677833739865,0.8705355712862666,0.7254589821103111,50.43427426089861,0.3303942458170878,12.184285714285716,0.07801937449116807,0.9637096774193549,0.7036290322580645,0.08467741935483875,0.2701612903225806,0.8125,0.27419354838709675,0.056451612903225756,0.4678427419354839
2026-09-24,002990,盛视科技,111.42,117.58,109.3,115.42,19498800.0,1095988900.0,0.03385883195987094,0.7866873065015483,0.09836986001541637,0.3713128709546605,2.3723678783520885,87.52904725019366,1.153939252599811,5.211428571428574,0.045151867712949004,0.8467741935483871,0.7116935483870968,0.7379032258064516,0.9435483870967742,0.04435483870967742,0.9858870967741935,0.5584677419354839,0.684375
2026-09-24,003006,百亚股份,24.4,25.15,24.31,25.04,50203600.0,1127180400.0,0.043768236765318935,0.3014553014553014,0.42450790761178747,0.44626199440411013,1.5903390347017505,86.53846153846152,0.9046739374280902,1.1685714285714288,0.04666818804198997,0.594758064516129,0.9536290322580645,0.6370967741935484,0.8346774193548387,0.056451612903225805,0.8629032258064516,0.530241935483871,0.666834677419355
2026-09-24,003031,中瓷电子,372.91,377.41,358.34,358.53,8221000.0,1086757400.0,-0.03863892315117723,0.6053821698831323,0.04893396559921004,0.580636221396125,0.7913318313975174,66.88003793266952,0.609181502964725,19.757142857142856,0.055105968418661916,0.7681451612903226,0.5967741935483871,0.38306451612903225,0.33064516129032256,0.5040322580645161,0.5544354838709677,0.342741935483871,0.5036290322580645
2026-09-24,003036,泰坦股份,59.15,61.46,57.21,57.47,14901700.0,867944100.0,-0.03751465416178201,1.228383094222567,-0.00743231184621862,0.7218106762787856,1.6071608643813433,62.39242685025816,0.719873463753508,3.7864285714285706,0.06588530661960276,0.9294354838709677,0.3810483870967742,0.1713709677419355,0.8407258064516129,0.6794354838709677,0.6854838709677419,0.1411290322580645,0.4764112903225806
2026-09-24,003040,楚天龙,15.41,15.69,14.95,15.01,68418200.0,1003340100.0,-0.08587088915956165,-0.08139534883720934,0.048843546921948144,1.0582836849518598,0.7949171830075418,26.624293785310755,0.10950465546732553,1.4342857142857142,0.09555534405634339,0.22782258064516128,0.594758064516129,0.024193548387096753,0.3346774193548387,0.0907258064516129,0.11491935483870967,0.01008064516129037,0.2375
2026-09-24,300014,亿纬锂能,886.31,892.62,872.82,874.36,17918200.0,880951900.0,-0.02139947172852219,-0.20953947963187303,-0.07880474434450602,0.3356157384131865,0.6317245362025627,41.89405297351327,0.2811471103390758,23.816428571428567,0.027238698672661793,0.10685483870967742,0.13306451612903225,0.7903225806451613,0.11895161290322581,0.4495967741935484,0.2399193548387097,0.8528225806451613,0.40413306451612907
2026-09-24,300016,北陆药业,73.16,75.86,71.88,72.01,71173900.0,714457300.0,-0.04050632911392393,-0.04647775423728806,0.15981166415230086,0.5757398203314315,2.164653363461029,67.46290264205575,0.9876086532867618,2.8185714285714285,0.03914138909278473,0.28024193548387094,0.8165322580645161,0.3951612903225806,0.9294354838709677,0.4737903225806452,0.9233870967741935,0.6693548387096775,0.6120967741935485
2026-09-24,300017,网宿科技,370.61,374.42,366.36,366.58,69591600.0,1062856400.0,-0.010873964544939496,-0.06187941447435763,0.023344755630308356,0.3662361302879648,0.5339762897419635,42.85356695869836,0.3862038200716293,12.715000000000007,0.034685471111353616,0.2620967741935484,0.5020161290322581,0.752016129032258,0.05040322580645161,0.49193548387096775,0.3346774193548387,0.752016129032258,0.49899193548387094
2026-09-24,300037,新宙邦,436.76,436.76,423.28,426.5,9451700.0,669836400.0,-0.023602939493143515,0.2657664341890489,0.04527524560292018,0.4051496999758735,0.6991649625274299,70.14899363945284,0.6030290958703357,18.26428571428571,0.04282364763021268,0.5625,0.5786290322580645,0.6955645161290323,0.2217741935483871,0.37298387096774194,0.5504032258064516,0.6068548387096775,0.5461693548387097
2026-09-24,300054,鼎龙股份,862.33,870.84,852.74,859.78,13367400.0,939543700.0,-0.014217248733059629,0.47167163055013517,-0.054200826209301,0.3270606441979038,0.6836252687791233,65.11968423733131,0.575914466701666,29.57499999999997,0.034398334457651926,0.6995967741935484,0.20766129032258066,0.8024193548387097,0.1935483870967742,0.5665322580645161,0.5120967741935484,0.7580645161290323,0.5326612903225807
2026-09-24,300058,蓝色光标,345.9,354.96,339.86,340.11,178277300.0,2390459700.0,-0.0266441531681072,-0.04925502473932852,-0.02629535984166198,0.4812548054486879,0.6514529085192863,39.696637062169444,0.33483296308097626,12.644285714285713,0.03717704776185855,0.2762096774193548,0.3084677419354839,0.5806451612903225,0.15524193548387097,0.3689516129032258,0.28024193548387094,0.7157258064516129,0.4084677419354839
2026-09-24,300059,东方财富,1480.89,1486.35,1457.48,1459.04,118407600.0,2177010400.0,-0.01940305529232289,-0.01940305529232289,-0.05987923956904262,0.20756793764977144,0.7375712198747736,35.153344708404376,0.2254701435765815,23.960000000000004,0.016421756771575834,0.3024193548387097,0.18951612903225806,0.9133064516129032,0.28225806451612906,0.22782258064516128,0.20766129032258066,0.9415322580645161,0.47802419354838704
2026-09-24,300124,汇川技术,1208.03,1215.35,1194.25,1194.69,18002000.0,941922700.0,-0.014908020482036877,-0.20707117636127115,-0.1293849786133856,0.23588310124196982,0.7136446381113669,21.268723732892695,0.2418533352465015,29.375000000000018,0.024587968426955962,0.11088709677419355,0.036290322580645164,0.8991935483870968,0.2560483870967742,0.034274193548387094,0.2157258064516129,0.8911290322580645,0.3790322580645161
2026-09-24,300131,英唐智控,270.62,272.56,259.55,260.07,45197700.0,663467800.0,-0.04641953580464209,0.28824053893402013,-0.09525449554880672,0.46044179217388725,0.7217880494082674,40.6617368221464,-0.09354085171335542,15.22142857142857,0.0585281984520651,0.5826612903225806,0.09879032258064516,0.6028225806451613,0.26814516129032256,0.38911290322580644,0.014112903225806451,0.27217741935483875,0.33991935483870966
2026-09-24,300136,信维通信,749.73,777.64,741.41,742.05,43373200.0,2546090900.0,-0.012101605559549533,-0.06710835648642877,-0.13756633434602428,0.29924302819871523,1.3074298254075432,55.47740998394614,0.36143660945480033,28.965714285714302,0.0390347204173766,0.24596774193548387,0.02620967741935484,0.8366935483870968,0.7217741935483871,0.9818548387096774,0.3024193548387097,0.6733870967741935,0.4972782258064517
2026-09-24,300139,晓程科技,234.82,234.82,226.87,226.92,16335800.0,746708000.0,-0.04139912132477197,-0.18055756175068616,-0.008267352334889622,0.41611613004219183,0.5024719424610907,28.378378378378358,0.003423228911578207,11.332142857142859,0.04993893379668103,0.125,0.375,0.6754032258064516,0.038306451612903226,0.12701612903225806,0.05241935483870968,0.4536290322580645,0.33477822580645167
2026-09-24,300142,沃森生物,202.22,203.34,196.32,196.6,87931400.0,1209962800.0,-0.034475984677340143,0.07814642171647934,0.020716318568020364,0.45032511541635717,0.9810180547178011,58.98420827998291,0.6143205081177222,6.3485714285714305,0.03229181804970209,0.4254032258064516,0.4879032258064516,0.6290322580645161,0.5282258064516129,0.8407258064516129,0.5705645161290323,0.7983870967741935,0.5967741935483872
2026-09-24,300179,四方达,266.0,278.95,263.21,271.88,53658600.0,2384264100.0,0.010368278271210452,1.0670569451836083,0.12746924182241304,0.6529991023805356,0.9715082298363104,67.4771565742605,0.7677147111467802,18.799285714285713,0.06914552638769204,0.9092741935483871,0.7701612903225806,0.24798387096774188,0.5241935483870968,0.4717741935483871,0.7298387096774194,0.10282258064516125,0.5300403225806452
2026-09-24,300189,神农种业,42.29,42.48,39.54,39.79,135136700.0,847413600.0,-0.043049543049543004,-0.06902199344876003,0.1271848235616282,1.1273244979837387,0.4905819862419504,39.476635514018675,0.1864598084875328,3.685000000000002,0.09261120884644387,0.2439516129032258,0.7681451612903226,0.012096774193548376,0.03225806451612903,0.3649193548387097,0.17943548387096775,0.016129032258064502,0.28215725806451614
2026-09-24,300192,科德教育,110.07,126.29,108.04,121.02,58332900.0,1467277800.0,0.09898292771521966,0.8569894123062758,0.6681944434871907,0.8103616974002065,2.455350866633049,80.48828900357283,1.3229258755159707,6.270000000000002,0.05180961824491821,0.8649193548387096,0.9858870967741935,0.1108870967741935,0.9455645161290323,0.14112903225806453,0.9939516129032258,0.4173387096774194,0.6193548387096774
2026-09-24,300199,翰宇药业,196.9,197.7,189.54,190.1,43955800.0,1042795399.9999999,-0.03999596000404004,0.1522608801066796,-0.0024627956929061945,0.26759216719122875,1.1925024148717849,54.858299595141716,0.4947478425567612,7.468571428571427,0.03928759299616742,0.4778225806451613,0.39314516129032256,0.8629032258064516,0.6814516129032258,0.9939516129032258,0.4274193548387097,0.6673387096774194,0.6315524193548386
2026-09-24,300207,欣旺达,133.1,140.77,131.61,138.17,120411200.0,2394675800.0,0.027057161971307364,-0.17697164641410534,0.10560028379501141,0.4830405560157521,1.7491936153979801,74.59245458779691,0.8658364855219742,6.50785714285714,0.04710036290697793,0.13306451612903225,0.7278225806451613,0.5705645161290323,0.8830645161290323,0.23790322580645162,0.8346774193548387,0.5181451612903225,0.5475806451612903
2026-09-24,300209,行云科技,146.9,148.07,141.68,142.42,41577300.0,1531069800.0,-0.028181508017741552,2.829524065609035,0.12353020838400819,0.6133301275855626,0.6136592777271938,54.88379652202177,0.6405331204920772,8.658571428571427,0.06079603586976147,0.9959677419354839,0.7580645161290323,0.3407258064516129,0.10080645161290322,0.9979838709677419,0.6108870967741935,0.21572580645161288,0.5798387096774192
2026-09-24,300223,君正股份,365.43,367.28,352.83,353.58,18216800.0,2587328400.0,-0.044894651539708286,0.3199193668806928,-0.07169805376369498,0.4830620725068694,0.8741392630412146,65.51919803291094,0.6925313548279609,15.15928571428572,0.04287370811212659,0.6028225806451613,0.15524193548387097,0.5685483870967742,0.42338709677419356,0.5524193548387096,0.6633064516129032,0.6028225806451613,0.4641129032258064
2026-09-24,300243,瑞丰高材,107.82,108.2,101.02,101.19,29706700.0,701613500.0,-0.05632752028350285,0.7389585839491322,0.41010395667078536,0.8675306611275883,1.1095888313136772,82.47381940327998,0.8926762803047292,6.010714285714285,0.0594002795307272,0.8205645161290323,0.9475806451612904,0.08669354838709675,0.6290322580645161,0.11290322580645161,0.8528225806451613,0.2520161290322581,0.5319556451612903
2026-09-24,300244,迪安诊断,215.49,221.07,212.51,213.53,29748600.0,624759000.0,-0.012075506616082143,0.11265697462352153,0.08688330583279957,0.37483625526811065,1.109382423422906,73.69756427604871,0.9342688810693789,7.847142857142854,0.0367496036020365,0.45564516129032256,0.6834677419354839,0.7358870967741935,0.6270161290322581,0.2661290322580645,0.8830645161290323,0.717741935483871,0.6275201612903226
2026-09-24,300255,常山药业,185.0,190.74,177.89,178.35,26768700.0,637714900.0,-0.021774901272487934,-0.4581168535229241,-0.0827952758942555,0.2773060985217273,1.5067893246362731,49.14060298675681,0.41434291777582655,5.995000000000003,0.03361368096439587,0.008064516129032258,0.12701612903225806,0.8568548387096774,0.8024193548387096,0.7439516129032258,0.3629032258064516,0.7741935483870968,0.4932459677419355
2026-09-24,300260,新莱应材,347.9,349.36,337.32,337.64,10919800.0,685618700.0,-0.03174557655358323,0.3644225329346156,0.010354709392851547,0.5238238340821462,0.8093287969574017,69.12077623627545,0.7493367255264579,17.120714285714286,0.0507070083097805,0.6270161290322581,0.4435483870967742,0.4838709677419355,0.3548387096774194,0.39919354838709675,0.7056451612903226,0.4395161290322581,0.4783266129032258
2026-09-24,300274,阳光电源,823.63,825.26,802.65,803.82,34245300.0,2912066800.0,-0.028639791183294627,-0.3194944167421542,-0.17843893654200005,0.32502635365908833,0.7110362257792755,38.6932570950422,0.277589017094453,21.883571428571422,0.027224467453623225,0.04032258064516129,0.010080645161290322,0.8064516129032258,0.24596774193548387,0.3487903225806452,0.23387096774193547,0.8548387096774194,0.3692540322580645
2026-09-24,300319,麦捷科技,162.94,168.15,157.52,157.82,79755500.0,1674228200.0,-0.04496217851739792,0.8368249534450651,0.09374548806307526,0.638432844862941,0.6503159828491497,65.04135079255684,0.47781916547835596,9.118571428571427,0.05777830077665332,0.8629032258064516,0.6975806451612904,0.282258064516129,0.14919354838709678,0.5745967741935484,0.4153225806451613,0.28629032258064513,0.49637096774193545
2026-09-24,300342,天银机电,128.33,135.04,128.25,129.81,25734900.0,831033700.0,0.008781473422443176,-0.4213951415199465,-0.07751673559885719,0.23870992051241166,2.626480558508182,44.93023255813952,0.3236863038892662,3.827142857142855,0.029482650467166284,0.016129032258064516,0.1431451612903226,0.8931451612903226,0.9596774193548387,0.5705645161290323,0.2721774193548387,0.8225806451612903,0.5068548387096775
2026-09-24,300346,南大光电,714.92,721.87,701.16,701.16,19880300.0,1094849400.0,-0.02252829978252391,0.22638308292375764,-0.055171586693491315,0.320463327744876,0.7192142160601945,66.06278613472853,0.6225404680625349,23.260714285714307,0.033174616757536524,0.5383064516129032,0.20161290322580644,0.814516129032258,0.26411290322580644,0.5342741935483871,0.5826612903225806,0.7883064516129032,0.5212701612903226
2026-09-24,300364,中文在线,122.38,129.87,121.48,121.83,59563400.0,1497739300.0,0.0008214901831922194,-0.06693727502489077,0.028319657198645487,0.8707470162260241,0.7086806882091236,41.46886344596482,0.37674371620029673,5.88357142857143,0.04829328924379406,0.24798387096774194,0.5241935483870968,0.08064516129032262,0.23588709677419356,0.4314516129032258,0.32661290322580644,0.48991935483870963,0.3409274193548387
2026-09-24,300373,扬杰科技,471.49,475.69,459.64,459.64,8872400.0,795085800.0,-0.03424801445560366,0.22508595644873264,-0.08420308094879136,0.350343030151601,0.8313126126700122,54.44954128440366,0.41930042342405477,17.142857142857135,0.037296269129878025,0.5342741935483871,0.12096774193548387,0.7721774193548387,0.3790322580645161,0.9717741935483871,0.36693548387096775,0.7116935483870968,0.525
2026-09-24,300390,天华新能,440.56,440.56,419.58,423.32,18893000.0,967156200.0,-0.04015599845815476,-0.1403448205836363,-0.16540487681776606,0.3048069789731431,0.836384056686236,17.121194975670477,0.13556186938245784,14.892857142857142,0.035181085568499346,0.16330645161290322,0.012096774193548387,0.8245967741935484,0.38306451612903225,0.016129032258064516,0.1350806451612903,0.7439516129032258,0.3507056451612903
2026-09-24,300395,菲利华,675.06,685.25,650.35,655.48,16729100.0,1618207900.0,-0.029004829200367288,0.04746076896033746,0.052904088032214025,0.4502975386492193,0.6796459069647546,59.591800593261624,0.5450559728646515,34.32000000000001,0.05235857692072986,0.38306451612903225,0.6068548387096774,0.6310483870967742,0.1875,0.8104838709677419,0.4737903225806452,0.405241935483871,0.5196572580645161
2026-09-24,300397,天和防务,45.85,47.0,43.73,43.91,64802000.0,814714800.0,-0.025521526853084953,0.06268151016456902,0.09060201264214118,0.43175308093246945,3.312728254246091,67.07516339869278,1.0555513690132692,1.605714285714288,0.0365683052998016,0.4112903225806452,0.6915322580645161,0.657258064516129,0.9838709677419355,0.4959677419354839,0.9516129032258065,0.7217741935483871,0.6698588709677419
2026-09-24,300398,飞凯材料,215.76,216.96,209.75,210.24,23404400.0,892169500.0,-0.034356053646885876,0.4662110328474791,0.023536370739829282,0.44567578669874297,0.7350008330013628,75.74055158324825,0.775395733996062,9.005714285714285,0.04283539899978256,0.6955645161290323,0.5040322580645161,0.6391129032258065,0.2762096774193548,0.20766129032258066,0.7439516129032258,0.6048387096774194,0.5344758064516129
2026-09-24,300408,三环集团,530.35,538.11,503.59,505.55,44414900.0,5572554100.0,-0.053117566631080027,1.2646031177208386,0.03898354780016233,0.452333897608578,0.932789542652772,70.7486779849708,0.5886809506587919,27.17999999999999,0.053763228167342476,0.9375,0.5584677419354839,0.622983870967742,0.4838709677419355,0.35685483870967744,0.5221774193548387,0.3729838709677419,0.5709677419354839
2026-09-24,300413,芒果超媒,34.71,35.59,34.23,34.52,46521400.0,890769900.0,-0.015963511972633793,-0.06929091399299003,0.14474578706799845,1.094237575476179,0.3682461817871094,37.88741302972803,0.5388826827921003,2.083571428571429,0.060358384373448114,0.24193548387096775,0.7983870967741935,0.014112903225806495,0.0020161290322580645,0.32056451612903225,0.4657258064516129,0.22379032258064513,0.32782258064516134
2026-09-24,300418,昆仑万维,169.42,171.77,166.51,166.51,34161900.0,1441981500.0,-0.02574454391200054,-0.12446103691239885,-0.03616898734360385,0.4734015768537167,0.5213597178160119,31.846812799193714,0.13143119177946558,5.649285714285717,0.033927606235575745,0.1774193548387097,0.2661290322580645,0.5907258064516129,0.04233870967741935,0.17338709677419356,0.13306451612903225,0.7641129032258065,0.354133064516129
2026-09-24,300433,蓝思科技,196.0,196.65,191.36,191.36,51913100.0,1723282600.0,-0.031970861999190525,0.19727210160795838,-0.10307777997376788,0.32513435390827117,0.678802439620134,36.685490877497834,0.22122840832634047,6.9207142857142845,0.03616594003822264,0.5100806451612904,0.07258064516129033,0.8044354838709677,0.18548387096774194,0.28024193548387094,0.20161290322580644,0.7338709677419355,0.4222782258064516
2026-09-24,300442,润泽科技,124.43,128.3,123.89,127.38,32563100.0,2208720800.0,0.018225419664268605,-0.1407757166947724,0.01776846792740261,0.3535595409376726,1.622098893780072,69.27265655387009,1.0493374845120171,3.6978571428571447,0.0290301235897091,0.16129032258064516,0.4737903225806452,0.7661290322580645,0.844758064516129,0.3911290322580645,0.9475806451612904,0.8266129032258065,0.5908266129032258
2026-09-24,300450,先导智能,665.44,679.24,659.88,660.84,25656000.0,832870500.0,-0.008625991989078763,-0.3002985833174512,-0.037683590644194576,0.2730566432923486,0.8753292165520333,54.99855114459577,0.5817288962102181,18.182142857142853,0.02751368388285039,0.05040322580645161,0.2600806451612903,0.8608870967741935,0.4254032258064516,1.0,0.5181451612903226,0.8487903225806451,0.5405241935483871
2026-09-24,300454,深信服,148.8,148.83,142.69,142.82,8608600.0,1238967500.0,-0.03015075376884424,0.4467179902755267,0.17638983460364166,0.5084552317533135,0.5674870638381746,58.1582054309327,0.7400145440248491,7.0421428571428555,0.049307820033208626,0.6814516129032258,0.8366935483870968,0.5201612903225806,0.06854838709677419,0.8810483870967742,0.6995967741935484,0.4657258064516129,0.6152217741935484
2026-09-24,300456,赛微电子,224.09,225.11,217.25,217.48,26054500.0,988751100.0,-0.036846767050487284,-0.20117539026629938,0.09779890008101733,0.512158377573774,0.6055133331691022,47.22898080562313,0.5077009201943486,8.992857142857146,0.04135027194618883,0.11491935483870967,0.7076612903225806,0.5080645161290323,0.09475806451612903,0.6693548387096774,0.4334677419354839,0.6431451612903225,0.49032258064516127
2026-09-24,300458,全志科技,207.06,210.27,204.92,205.04,30155900.0,1018141700.0,-0.010329182353509103,0.20654348593621275,-0.028689903030054364,0.48285016998516905,0.7718985603772783,59.94908782350444,0.7748518573815754,6.00642857142857,0.029293935678055844,0.5201612903225806,0.3064516129032258,0.5725806451612903,0.31451612903225806,0.7983870967741935,0.7399193548387096,0.8245967741935484,0.5411290322580645
2026-09-24,300474,景嘉微,162.46,162.82,156.82,160.36,10283000.0,539535700.0,-0.012926258771389865,-0.06062913713314977,-0.0002462601192647629,0.26610170205251954,1.6057114169782551,61.24176857949203,0.8214836581919723,4.304999999999999,0.02684584684459964,0.26411290322580644,0.4092741935483871,0.8649193548387097,0.8366935483870968,0.7258064516129032,0.7963709677419355,0.8608870967741935,0.6401209677419355
2026-09-24,300475,香农芯创,409.42,411.77,395.07,395.32,15091500.0,2645197300.0,-0.03443896243466371,0.37857441763146893,-0.02068480883097945,0.6166137521864306,0.556860548525075,55.785358471530365,0.5262044292494336,20.555714285714277,0.05199765831658979,0.6330645161290323,0.3245967741935484,0.33870967741935487,0.0625,0.9596774193548387,0.45161290322580644,0.41532258064516125,0.43094758064516125
2026-09-24,300491,通合科技,67.12,72.13,66.73,70.18,15292300.0,591070800.0,0.03175536606880347,0.6427902621722847,0.25082060224035563,0.6496277218119126,1.182371779507298,65.02479338842974,0.964331441273481,4.609999999999999,0.06568823026503276,0.7862903225806451,0.8931451612903226,0.2540322580645161,0.6754032258064516,0.5786290322580645,0.9092741935483871,0.14314516129032262,0.5843750000000001
2026-09-24,300497,富祥股份,118.4,118.4,110.54,110.54,44559800.0,847993300.0,-0.06772370751454826,0.004635099518313313,0.011338753652005762,0.5033501695751993,1.1610070791525862,52.072727272727285,0.3549126961787667,6.1021428571428515,0.05520302928480958,0.32661290322580644,0.4495967741935484,0.530241935483871,0.6612903225806451,0.8850806451612904,0.29435483870967744,0.33870967741935487,0.48760080645161297
2026-09-24,300499,高澜股份,146.32,150.41,145.14,147.05,19873900.0,717768200.0000001,-0.002712783994574308,0.05148373257061145,0.125068380133611,0.6101776576474143,0.5257847192551037,59.52342617935922,0.5633328867746726,9.992857142857142,0.06795550590178266,0.38911290322580644,0.7620967741935484,0.344758064516129,0.04435483870967742,0.8145161290322581,0.49193548387096775,0.11290322580645162,0.4452620967741936
2026-09-24,300503,昊志机电,168.14,170.74,164.19,164.44,9778300.0,648787100.0,-0.027212494084240424,0.2034543325526934,-0.09045067236256599,0.34955262327035075,1.1028066685162754,53.49641709908572,0.44756578831825333,5.7757142857142885,0.0351235361573479,0.5161290322580645,0.10685483870967742,0.7741935483870968,0.6229838709677419,0.9375,0.39314516129032256,0.7459677419354839,0.5465725806451613
2026-09-24,300520,科大国创,56.16,56.8,53.28,53.45,24513100.0,594330200.0,-0.06865307544868438,-0.2915838303512259,-0.017959671122134924,0.5381858038932008,2.963708531765463,48.877068557919635,0.6377787770135253,2.107857142857143,0.03943605505813177,0.05443548387096774,0.3346774193548387,0.4576612903225806,0.967741935483871,0.7318548387096774,0.6008064516129032,0.6653225806451613,0.48316532258064515
2026-09-24,300566,激智科技,83.56,85.17,79.09,79.41,25359000.0,681480800.0,-0.05000598157674374,0.4738307349665922,-0.03967009444876646,0.5578526991919817,1.330277491299873,58.679867986798655,0.6172534158494566,4.093571428571428,0.05154982280029503,0.7036290322580645,0.25,0.4254032258064516,0.7338709677419355,0.8588709677419355,0.5806451612903226,0.4233870967741935,0.5049395161290323
2026-09-24,300568,星源材质,124.37,126.3,121.77,124.92,93924200.0,1636071700.0000002,0.02823277636019439,0.20753987433542775,0.1747391584421445,0.5502483756055064,1.5681572788745837,78.9759320434167,1.0894553485935565,5.528571428571429,0.044256895841910254,0.5221774193548387,0.8326612903225806,0.4395161290322581,0.8225806451612904,0.1693548387096774,0.9637096774193549,0.5705645161290323,0.6073588709677419
2026-09-24,300607,拓斯达,170.31,177.0,170.15,170.78,18656200.0,610244200.0,-0.00541610855512209,0.27581054833408025,-0.059905043693662674,0.6269208398885913,0.5708954173403952,42.138856324084934,0.24810426318766682,10.89357142857143,0.06378716142740035,0.5745967741935484,0.1875,0.30645161290322576,0.07258064516129033,0.4536290322580645,0.2217741935483871,0.1713709677419355,0.28377016129032256
2026-09-24,300613,富瀚微,449.0,465.31,445.92,449.92,12611200.0,1107194900.0,0.003322703654974113,1.1773132017034458,0.24554925339114964,0.6027697075814085,0.9062530540911887,77.82930660483208,0.9540093674967786,19.381428571428568,0.04307749949197317,0.9213709677419355,0.8891129032258065,0.35282258064516125,0.4536290322580645,0.1814516129032258,0.8991935483870968,0.5987903225806452,0.6293346774193548
2026-09-24,300661,圣邦股份,1179.89,1185.58,1150.11,1172.85,8858400.0,1066558000.0,-0.015379836631211452,0.7795260059476845,0.07087242525189952,0.40983140376796845,0.8999238075887641,69.95443499392462,0.797360887531013,48.740000000000016,0.041556891333077564,0.8366935483870968,0.655241935483871,0.6814516129032258,0.4435483870967742,0.37701612903225806,0.7701612903225806,0.6330645161290323,0.6411290322580645
2026-09-24,300671,富满微,113.45,113.99,110.02,110.3,12209400.0,743929100.0,-0.033642894690730674,0.5526463963963961,-0.0600606742339026,0.6388140282604782,0.9847866775447521,73.08257419923595,0.802221984258629,4.967857142857141,0.04503950265509647,0.75,0.18346774193548387,0.280241935483871,0.532258064516129,0.2862903225806452,0.7721774193548387,0.560483870967742,0.4189516129032258
2026-09-24,300672,国科微,321.58,322.54,310.63,311.06,6135200.0,1202941800.0,-0.03830576596073576,0.22793304910784773,0.09974456199895698,0.6402426341739775,0.6917515683701128,68.92828035859822,0.7847154454947856,15.166428571428579,0.04875724481266823,0.5403225806451613,0.7157258064516129,0.2782258064516129,0.21169354838709678,0.41330645161290325,0.7540322580645161,0.4798387096774194,0.4878024193548387
2026-09-24,300676,华大基因,46.49,50.8,46.25,47.62,25724200.0,1189051000.0,0.02364574376612194,0.10615563298490138,0.1621815105268296,0.3995313103508511,2.6604764495264255,84.88175675675676,1.0612084625257818,1.6221428571428562,0.03406431871362571,0.4435483870967742,0.8185483870967742,0.7096774193548387,0.9616935483870968,0.07661290322580645,0.9556451612903226,0.7620967741935484,0.6790322580645161
2026-09-24,300679,电连技术,168.87,170.73,165.11,165.18,18778000.0,854885700.0000001,-0.030918157817541703,0.3048424046133187,-0.02890418086203994,0.45368775351763047,1.0316689627133915,55.77918343875791,0.45204236038992884,7.172142857142857,0.04342016501478906,0.5967741935483871,0.30443548387096775,0.6169354838709677,0.5766129032258065,0.9637096774193549,0.39919354838709675,0.594758064516129,0.5522177419354839
2026-09-24,300684,中石科技,355.22,366.1,351.16,352.94,22231100.0,2669456400.0,-0.007145268369528557,1.4300468190581106,0.584344790487527,1.0262871758842038,0.9061971360206748,69.66049524509577,1.043812612618312,25.51285714285715,0.07228666952699368,0.9536290322580645,0.9758064516129032,0.028225806451612878,0.45161290322580644,0.3790322580645161,0.9455645161290323,0.08064516129032262,0.5350806451612903
2026-09-24,300720,海川智能,172.28,181.22,169.66,170.31,9593300.0,607893600.0,-0.017933341021796667,0.05881255828411569,-0.14464724420653485,0.4510481859399867,1.0109224260114968,47.970401691331936,0.3658712714870345,9.164999999999996,0.05381363396159941,0.40725806451612906,0.020161290322580645,0.627016129032258,0.5544354838709677,0.6915322580645161,0.31048387096774194,0.36895161290322576,0.3869959677419355
2026-09-24,300725,药石科技,140.68,144.76,135.76,135.97,28255500.0,1508211700.0000002,-0.040572960767711,0.3603801900950474,0.18184596975487222,0.5401280849862484,1.384315209682931,72.43140964995268,0.9129449077341345,6.627142857142856,0.04873974301053803,0.6209677419354839,0.8467741935483871,0.4536290322580645,0.7620967741935484,0.30443548387096775,0.8689516129032258,0.4818548387096774,0.6179435483870968
2026-09-24,300731,科创新源,105.31,109.47,100.7,104.57,14396800.0,765766900.0,-0.0016230666412068162,0.2100208285119185,0.22531960019217023,0.7025324275966269,1.4601157804633653,68.96807720861173,0.9709590350498489,6.762857142857143,0.0646730146586702,0.5282258064516129,0.8830645161290323,0.19556451612903225,0.7842741935483871,0.4112903225806452,0.9153225806451613,0.15927419354838712,0.5283266129032258
2026-09-24,300740,水羊股份,53.95,59.15,53.92,55.48,49366300.0,1063972300.0,0.03333954181411802,0.038173652694610816,0.031424870947951655,0.6659863329686887,1.7475544970244743,43.887030843552566,0.41974802551182205,3.4071428571428584,0.06141209187351944,0.3709677419354839,0.5362903225806451,0.22782258064516125,0.8810483870967742,0.5282258064516129,0.3709677419354839,0.20766129032258063,0.4259072580645161
2026-09-24,300741,华宝股份,40.38,40.88,37.65,37.68,30800900.0,853318400.0,-0.07351856405212687,0.4017857142857144,0.41300000000000003,0.7124783556697747,1.6598321840139658,74.13793103448276,0.7885074009033711,2.5621428571428573,0.06799742189869579,0.6491935483870968,0.9495967741935484,0.18346774193548387,0.8548387096774194,0.2540322580645161,0.7641129032258065,0.1108870967741935,0.5371975806451612
2026-09-24,300751,迈为股份,945.91,952.04,922.21,922.48,3160800.0,621520700.0,-0.03286749211075346,-0.14476697291935148,-0.019234061011874748,0.4721945006088165,0.558476310960769,52.74261603375528,0.373421179506649,44.55357142857144,0.04829760149658685,0.15120967741935484,0.3286290322580645,0.592741935483871,0.06451612903225806,0.907258064516129,0.3225806451612903,0.4879032258064516,0.4098790322580645
2026-09-24,300759,康龙化成,102.98,104.67,100.68,100.68,38742400.0,1707084300.0,-0.032853025936599334,0.41305263157894756,0.05092483055211483,0.41867161673768744,0.8149542626314555,58.781725888324914,0.6290852382017135,4.137857142857141,0.04109909756512853,0.6653225806451613,0.5987903225806451,0.6693548387096775,0.36088709677419356,0.8467741935483871,0.5967741935483871,0.6471774193548387,0.6310483870967741
2026-09-24,300760,迈瑞医疗,187.14,188.37,185.74,185.88,4958700.0,766017500.0,-0.008534243652656204,-0.029499295149584936,0.0005912323561103605,0.167190720372371,0.6474153716596653,17.690956979806856,0.08170685601738,3.2550000000000034,0.01751129761136219,0.2963709677419355,0.4153225806451613,0.9475806451612904,0.1431451612903226,0.020161290322580645,0.0967741935483871,0.9314516129032258,0.4986895161290323
2026-09-24,300765,石药创新,279.0,280.36,262.85,263.14,15825800.0,710873100.0,-0.06299184560054127,0.3064243868533414,0.05912232190653288,0.5099538040467345,0.8692196724264778,50.828902095714724,0.47865762251352767,14.032857142857136,0.05332848347973374,0.5987903225806451,0.6270161290322581,0.5141129032258065,0.4153225806451613,0.8286290322580645,0.4173387096774194,0.3790322580645161,0.5515120967741937
2026-09-24,300776,帝尔激光,533.3,564.22,521.21,541.57,14377000.0,1882699400.0,0.0043954005934718765,0.7818905669068537,0.06620860731582479,0.5147806784242897,1.8853462423883587,83.20033599328016,0.9822923735442706,30.75357142857143,0.05678595828530278,0.8407258064516129,0.6471774193548387,0.5040322580645161,0.8991935483870968,0.09879032258064516,0.9213709677419355,0.3104838709677419,0.581149193548387
2026-09-24,300782,卓胜微,406.04,418.17,401.07,401.48,14304900.0,1108230400.0,-0.012495080676898862,-0.10223613595706615,-0.016833032464084408,0.4269999900884437,1.5366923446297034,58.688703516020915,0.7073975444015961,17.17928571428572,0.04278989168647434,0.20362903225806453,0.34475806451612906,0.6653225806451613,0.8125,0.8568548387096774,0.6713709677419355,0.6108870967741935,0.5419354838709678
2026-09-24,300803,指南针,122.63,122.74,118.97,119.06,15712300.0,897776799.9999999,-0.02998207593286617,-0.1637283135492028,-0.003918178395638461,0.4182184229946873,0.8680085407050777,37.69273127753304,0.3938706156248996,4.1564285714285685,0.03491036932159053,0.1350806451612903,0.3870967741935484,0.6713709677419355,0.41330645161290325,0.3064516129032258,0.34274193548387094,0.747983870967742,0.4526209677419355
2026-09-24,300806,斯迪克,278.44,284.0,267.92,268.62,25882100.0,1418004800.0,-0.04166963967178028,0.6251436868534093,0.05967214149475231,0.6567948704504469,0.9002541585550076,63.85784353139824,0.5715110484963928,17.567857142857147,0.06540040630949723,0.7741935483870968,0.6290322580645161,0.23991935483870963,0.4475806451612903,0.625,0.5060483870967742,0.14919354838709675,0.47631048387096775
2026-09-24,300811,铂科新材,550.66,553.07,531.73,532.62,8602500.0,724634200.0,-0.0404972077103225,0.5503420171736282,0.10090984597969066,0.7128633599064349,0.6952925401434957,67.78669427905774,0.60956236791102,27.82857142857142,0.05224845373544256,0.7479838709677419,0.7217741935483871,0.18145161290322576,0.21975806451612903,0.4576612903225806,0.5584677419354839,0.407258064516129,0.4856854838709677
2026-09-24,300814,中富电路,145.32,145.66,138.96,139.01,6178700.0,870716100.0,-0.04657064471879302,0.6639932966243713,-0.00016542835154265134,0.5931053061928961,0.9411641054660694,61.326633165829136,0.5381415989122682,8.272142857142857,0.05950753799829406,0.8004032258064516,0.4112903225806452,0.36693548387096775,0.4899193548387097,0.717741935483871,0.4637096774193548,0.24798387096774188,0.4774193548387097
2026-09-24,300835,龙磁科技,326.93,335.41,318.43,325.11,3137200.0,600975500.0,-0.016814346629570265,1.3080363481470965,0.19153672112081388,0.64054576376719,0.948644329437094,75.1324064879179,0.822105798418235,17.89642857142857,0.05504730267118381,0.9455645161290323,0.8629032258064516,0.27620967741935487,0.5,0.22379032258064516,0.8004032258064516,0.3467741935483871,0.5772177419354838
2026-09-24,300843,胜蓝股份,134.04,134.64,123.1,123.61,9315400.0,1178074800.0,-0.08869065172515478,1.237285067873303,-0.03536826935708126,0.6022326011564034,1.5276657155039521,50.310921103769914,0.17122060472599696,7.795000000000003,0.06306124099991912,0.9314516129032258,0.26814516129032256,0.3568548387096774,0.8084677419354839,0.8044354838709677,0.16330645161290322,0.17943548387096775,0.4744959677419355
2026-09-24,300850,新强联,84.43,88.91,83.97,87.09,23382600.0,686432800.0,0.030041395623891187,-0.2708472873409242,0.0848821565598683,0.6218106774856801,1.3369660306587456,65.02590673575129,0.7631240412009579,3.6792857142857147,0.04224693666650264,0.05846774193548387,0.6774193548387096,0.3245967741935484,0.7358870967741935,0.5766129032258065,0.7217741935483871,0.6189516129032258,0.5032258064516129
2026-09-24,300852,四会富仕,203.28,204.32,186.23,186.33,12325300.0,925455100.0,-0.08134891288270962,0.8798426150121066,0.43128371034293833,0.7998196588900915,0.9187994844411711,79.061473486626,0.7827656632405232,15.394999999999994,0.08262222937798526,0.875,0.9576612903225806,0.11895161290322576,0.4737903225806452,0.16733870967741934,0.75,0.03629032258064513,0.5015120967741936
2026-09-24,300862,蓝盾光电,83.24,84.78,79.23,79.23,27841600.0,1616538500.0,-0.06236686390532542,1.3371681415929206,0.6184361041507793,0.7670026215748602,1.1781056734757176,68.74657909140667,0.8221039084001491,5.116428571428574,0.06457690990065093,0.9495967741935484,0.9838709677419355,0.13508064516129037,0.6713709677419355,0.41935483870967744,0.7983870967741935,0.16532258064516125,0.5892137096774194
2026-09-24,300895,铜牛信息,89.74,93.95,88.57,91.17,10162100.0,639141500.0,0.009858218874612357,-0.04683742812336644,0.1790875877008633,0.35567432341411637,1.7018564991706002,73.25524646168861,1.1361093844738728,3.8249999999999997,0.041954590325765054,0.2782258064516129,0.8407258064516129,0.7600806451612903,0.8709677419354839,0.28225806451612906,0.9798387096774194,0.622983870967742,0.6616935483870968
2026-09-24,300903,科翔股份,194.68,197.5,183.75,186.63,19729300.0,2069846700.0000002,-0.045566124578091394,2.200651689247127,0.27736172979632334,0.8243286319362996,0.8099664301546463,71.38228941684666,0.6243409241009286,13.03,0.06981728553823072,0.9899193548387096,0.9032258064516129,0.09879032258064513,0.35685483870967744,0.34475806451612906,0.5846774193548387,0.09072580645161288,0.5070564516129032
2026-09-24,300917,特发服务,55.67,61.3,55.18,55.46,20195000.0,651827800.0,-0.03396620797770411,0.01259813766660578,0.17393881237299613,0.6244490579862834,1.3085031973934902,59.391771019678,0.805954029472144,3.1185714285714283,0.05623100303951367,0.33669354838709675,0.8306451612903226,0.3165322580645161,0.7237903225806451,0.8205645161290323,0.7762096774193549,0.32258064516129037,0.5631048387096774
2026-09-24,300953,震裕科技,198.16,198.63,189.39,189.39,7364100.0,729127200.0,-0.0465186527714847,-0.2531351052922156,-0.03444455112981237,0.5355572400367575,1.1882371924162969,60.539606592238165,0.7653630273952479,9.59785714285714,0.050677739811273784,0.07459677419354839,0.27419354838709675,0.46169354838709675,0.6774193548387096,0.7661290322580645,0.7237903225806451,0.44354838709677424,0.4191532258064516
2026-09-24,300975,商络电子,40.53,41.06,39.33,39.33,24447900.0,646648900.0,-0.0393258426966292,0.49373338397265476,-0.0488896054169522,0.4884126616780082,0.6008828206117316,60.82644628099174,0.5526505327794694,1.8285714285714296,0.046493044204714715,0.7096774193548387,0.21774193548387097,0.5524193548387097,0.08870967741935484,0.7479838709677419,0.4838709677419355,0.532258064516129,0.4590725806451612
2026-09-24,301008,宏昌科技,102.46,103.18,98.61,99.35,13183400.0,776172200.0,-0.034030140982012624,0.40842075418202417,0.503249348743257,1.0677508403272775,1.088579959440624,68.2068390325271,1.0111086813545047,6.672857142857144,0.06716514487022793,0.6592741935483871,0.9717741935483871,0.022177419354838745,0.6088709677419355,0.4415322580645161,0.9375,0.12298387096774188,0.5166330645161291
2026-09-24,301018,申菱环境,142.33,143.44,135.75,137.74,9774400.0,961563700.0,-0.040941373067817866,0.49798803697661786,0.0030938558620012824,0.585502271178232,0.5988261673998015,41.3793103448276,0.2111352737999361,7.943571428571433,0.057670766869256804,0.717741935483871,0.42338709677419356,0.375,0.08669354838709678,0.4254032258064516,0.19556451612903225,0.29032258064516125,0.39304435483870964
2026-09-24,301021,英诺激光,91.09,91.31,85.42,86.57,9337600.0,817667000.0,-0.05315541944657132,0.6464435146443515,0.1310278151578892,0.916164564699661,0.8664365782176233,66.0188457008245,0.6440817058374381,6.591428571428571,0.07613987029488935,0.7903225806451613,0.7762096774193549,0.058467741935483875,0.4092741935483871,0.5403225806451613,0.6149193548387096,0.06653225806451613,0.4599798387096775
2026-09-24,301047,义翘神州,325.74,333.11,309.06,310.27,12366300.0,1864150400.0,-0.018878067290665435,0.8681960500963388,0.4760118929633299,0.8172722727178457,1.487295871609286,82.80738590749088,1.0664210733636519,20.233571428571427,0.06521278701960044,0.8689516129032258,0.9657258064516129,0.10483870967741937,0.7943548387096774,0.10483870967741936,0.9576612903225806,0.15322580645161288,0.5535282258064516
2026-09-24,301071,力量钻石,260.66,264.83,254.27,255.42,15815000.0,1106757100.0,-0.027341964965727494,0.7596968653117464,0.08167243786375811,0.5668124163797386,0.7018387821066835,66.08187134502923,0.7394263850863942,14.727857142857143,0.05766133091714488,0.8326612903225806,0.6673387096774194,0.4092741935483871,0.22782258064516128,0.532258064516129,0.6955645161290323,0.2943548387096774,0.5285282258064516
2026-09-24,301080,百普赛斯,273.11,277.79,258.8,261.38,17152100.0,2131690700.0,-0.0631205419549088,1.4389288047028086,0.6041832247532015,1.0925946793811883,1.1917155685003176,72.77549904293136,0.9219559593749468,23.27071428571428,0.08903020233267381,0.9576612903225806,0.9818548387096774,0.016129032258064502,0.6794354838709677,0.29435483870967744,0.875,0.02620967741935487,0.537399193548387
2026-09-24,301093,华兰股份,124.15,127.7,115.94,116.35,9500900.0,671740399.9999999,-0.08587366436203647,0.049711295561169155,-0.04287130382563564,0.7653132152856815,1.5748048462928876,58.62924780450552,0.6092273835553327,6.886428571428569,0.05918718153355023,0.3870967741935484,0.2399193548387097,0.1391129032258065,0.8266129032258065,0.8649193548387096,0.5564516129032258,0.26008064516129037,0.38185483870967746
2026-09-24,301099,雅创电子,123.08,124.82,119.69,120.1,11902400.0,664280399.9999999,-0.04096462508983478,0.5589304257528556,0.04542658511391462,0.5110246976577076,1.5442550698764261,69.04517453798766,0.9181384973383552,5.252857142857145,0.04373736172237423,0.7520161290322581,0.5806451612903226,0.5120967741935484,0.8185483870967742,0.40524193548387094,0.8729838709677419,0.592741935483871,0.6153225806451613
2026-09-24,301132,满坤科技,75.58,77.48,71.87,71.95,13901800.0,1003238600.0,-0.055030207512477,0.8150857719475277,0.717443368528258,0.8864559875014607,1.1989074968586655,85.90467585272194,0.8714206165443369,5.535000000000001,0.07692842251563586,0.8588709677419355,0.9899193548387096,0.0766129032258065,0.6854838709677419,0.0625,0.8387096774193549,0.0625,0.5177419354838709
2026-09-24,301150,中一科技,249.93,252.76,225.98,226.31,45672400.0,2161542600.0,-0.06367397600330982,0.169983973530476,0.14039375355884887,0.8577853026527439,2.261528261180657,72.8785837983452,0.9985260212609862,13.930714285714284,0.06155589362252788,0.4879032258064516,0.7943548387096774,0.09072580645161288,0.9375,0.2903225806451613,0.9294354838709677,0.20564516129032262,0.49002016129032255
2026-09-24,301165,锐捷网络,225.71,227.61,221.55,221.63,7295500.0,825224000.0,-0.021285051887833917,0.9366480251660259,-0.030248844310228895,0.5173996437215326,0.5086921476423961,53.71493555724033,0.4053151230935933,8.94785714285714,0.04037295105742517,0.8850806451612904,0.29838709677419356,0.5,0.04032258064516129,0.9395161290322581,0.3548387096774194,0.655241935483871,0.5213709677419356
2026-09-24,301171,易点天下,45.36,46.35,43.84,43.89,39750800.0,1361867000.0,-0.03432343234323432,0.02762819011940998,0.003934306235418017,0.7027728632534295,0.5544930504587587,34.18367346938774,0.21287977826697957,2.489285714285713,0.05671646649090255,0.3487903225806452,0.4254032258064516,0.19354838709677424,0.05846774193548387,0.2056451612903226,0.1975806451612903,0.3125,0.28054435483870976
2026-09-24,301176,逸豪新材,63.11,63.71,58.48,58.54,17673500.0,1067921700.0,-0.10802986439128437,1.289401642549863,0.19883679654861708,0.951991581140415,1.358850887383796,70.07914220066377,0.6819851851863731,5.402857142857142,0.09229342574064131,0.9395161290322581,0.8689516129032258,0.04435483870967738,0.75,0.375,0.6592741935483871,0.01814516129032262,0.5152217741935483
2026-09-24,301188,力诺药包,36.7,37.84,35.96,36.14,16797700.0,604040000.0,-0.037549933422103776,0.49400578751550217,-0.06250000000000011,0.5367094725138534,1.177649223503909,52.78969957081545,0.6379106684762859,2.1528571428571417,0.05956992647640126,0.7137096774193549,0.17540322580645162,0.45967741935483875,0.6693548387096774,0.9092741935483871,0.6048387096774194,0.24395161290322576,0.4675403225806452
2026-09-24,301217,铜冠铜箔,117.34,119.33,112.58,112.63,28973800.0,3336042199.9999995,-0.05796252927400469,2.0342133620689657,-0.0021941157536330413,0.6457889953353976,0.9083386432981191,64.42817470335773,0.5563731307193868,6.590714285714289,0.058516507908321844,0.9858870967741935,0.3951612903225806,0.2661290322580645,0.46169354838709675,0.6028225806451613,0.48588709677419356,0.27620967741935487,0.47207661290322583
2026-09-24,301230,泓博医药,95.9,96.54,92.11,92.26,20540900.0,796379100.0,-0.045915201654601834,0.11749031007751931,0.21522121873367261,0.7239568198919618,1.1521129043611509,71.46808510638299,0.8872849953044547,5.7321428571428585,0.062130314948437654,0.4576612903225806,0.8790322580645161,0.16733870967741937,0.655241935483871,0.33669354838709675,0.8508064516129032,0.19758064516129037,0.4932459677419355
2026-09-24,301251,威尔高,130.57,134.66,124.5,124.61,14839900.0,1356142700.0,-0.022206528562460748,1.2594741613780598,0.7786521772228991,0.974356621987037,1.3512905640310253,82.7687383302214,0.9152825663104347,8.680000000000001,0.06965733087232165,0.9354838709677419,0.9939516129032258,0.040322580645161255,0.7459677419354839,0.10887096774193548,0.8709677419354839,0.09677419354838712,0.5404233870967742
2026-09-24,301282,金禄电子,66.69,67.41,61.8,61.94,16360600.0,735798900.0,-0.08494607770719453,0.6997804610318332,0.3733975365762623,0.7859146192990399,0.9612830425255199,60.32836960672012,0.611390740108628,3.8614285714285725,0.062341436413118706,0.8104838709677419,0.9435483870967742,0.125,0.5120967741935484,0.7741935483870968,0.5645161290322581,0.19354838709677424,0.5683467741935484
2026-09-24,301297,富乐德,50.4,53.64,49.97,51.11,40400000.0,2088941400.0000002,0.020567092651757157,0.5362188157499248,0.28829252718076237,0.6830296803599973,1.571840401395125,81.20335820895525,0.9232351173328643,2.953571428571428,0.05778852335299213,0.7379032258064516,0.907258064516129,0.20766129032258063,0.8245967741935484,0.13306451612903225,0.8770161290322581,0.2842741935483871,0.5612903225806452
2026-09-24,301316,慧博云通,40.01,42.64,39.72,41.73,24077200.0,995111000.0,0.039611360239162785,0.04901960784313708,0.07613026342369134,0.45455136283582737,2.275985934132416,69.00228484386898,1.0510863071379268,1.7428571428571433,0.04176508849406047,0.3850806451612903,0.6612903225806451,0.6149193548387097,0.9415322580645161,0.4092741935483871,0.9495967741935484,0.625,0.6223790322580646
2026-09-24,301338,凯格精机,211.07,212.41,197.16,197.59,7334800.0,745557000.0,-0.044535783365570625,-0.12010153188457429,-0.013752099501610049,0.5585354880950939,1.428009609880889,59.34880722114765,0.5142002241457558,10.426428571428572,0.0527679972236883,0.18346774193548387,0.35685483870967744,0.4213709677419355,0.7721774193548387,0.8225806451612904,0.43951612903225806,0.3931451612903226,0.44143145161290326
2026-09-24,301366,一博科技,192.0,194.84,186.14,186.39,13199100.0,976720800.0,-0.025870178739416883,1.3737901171676006,0.3623307045177133,0.653844022898658,0.9440795026364502,76.3114945208673,0.8435386279725683,13.075000000000005,0.07014861312302165,0.9516129032258065,0.9395161290322581,0.24395161290322576,0.4959677419354839,0.19959677419354838,0.8185483870967742,0.08870967741935487,0.5502016129032258
2026-09-24,301369,联动科技,338.5,342.76,312.06,329.82,6197900.0,923561500.0,-0.038061072709773436,0.6701438120315981,0.018024232939945373,0.6889482286729858,2.726442919953987,74.44679466319556,0.9995672331877771,18.78071428571428,0.05694231485572215,0.8044354838709677,0.47580645161290325,0.2036290322580645,0.9637096774193549,0.2439516129032258,0.9314516129032258,0.30645161290322576,0.4936491935483871
2026-09-24,301373,凌玮科技,136.25,141.94,129.18,138.78,11165100.0,1506103200.0,0.009676245907602965,1.006941431670282,0.3271513932475747,1.02121212822555,1.3136315852326308,74.33471318746304,1.0015335622841812,10.659285714285716,0.07680707388878596,0.8971774193548387,0.9314516129032258,0.030241935483870996,0.7258064516129032,0.24596774193548387,0.9334677419354839,0.06451612903225812,0.527016129032258
2026-09-24,301389,隆扬电子,62.65,64.26,60.46,60.62,9255100.0,559632900.0,-0.04399936918467118,0.23537803138373747,0.0479066068938494,0.6623420408557661,0.9110879335557788,63.02414231257941,0.5458883887666568,3.823571428571427,0.06307442145449402,0.5463709677419355,0.592741935483871,0.23185483870967738,0.4637096774193548,0.6512096774193549,0.47580645161290325,0.17741935483870963,0.4384072580645162
2026-09-24,301396,宏景科技,424.58,430.79,415.95,417.15,10612800.0,1895115700.0,-0.036293489811948465,0.43894446360814077,-0.08983369437190758,0.5700633032453345,0.9245428814606188,56.15334632878492,0.5461109940193303,22.195714285714292,0.053207993013818275,0.6794354838709677,0.10887096774193548,0.405241935483871,0.4778225806451613,0.9435483870967742,0.4778225806451613,0.38306451612903225,0.43366935483870966
2026-09-24,301511,德福科技,156.99,157.01,144.66,144.95,29340000.0,3102669600.0,-0.0831172117148461,1.7103590127150334,0.08198960682858969,0.8523482949386447,0.8293939007605039,67.56496631376322,0.5126391443745865,10.964285714285717,0.0756418469422954,0.969758064516129,0.6713709677419355,0.094758064516129,0.37701612903225806,0.46774193548387094,0.4375,0.06854838709677424,0.44889112903225803
2026-09-24,301526,国际复材,30.08,30.55,29.26,29.26,81598200.0,2427855200.0,-0.03623188405797095,1.575704225352113,-0.1025228126677401,0.5634413403077073,0.5457885929540617,64.63288521199587,0.4410141975161306,2.103571428571428,0.07189239332096474,0.967741935483871,0.08064516129032258,0.41532258064516125,0.056451612903225805,0.5887096774193549,0.3911290322580645,0.08266129032258063,0.3448588709677419
2026-09-24,301529,福赛科技,192.05,198.47,186.47,190.67,5152800.0,702877500.0,0.01723218096457524,0.7039320822162642,0.2988227921250026,0.8729971810888241,1.5501128861707296,69.38169984686064,0.907182249158278,12.576428571428576,0.06595913657853136,0.8165322580645161,0.9133064516129032,0.0786290322580645,0.8205645161290323,0.3870967741935484,0.8649193548387096,0.1391129032258065,0.5514112903225806
2026-09-24,301536,星宸科技,135.38,137.05,131.2,131.2,9793100.0,1301726800.0,-0.023882151625623127,0.9217811630291488,0.09622767891335315,0.7656375935282504,0.7325635497813477,60.95218635063341,0.7573358999062323,5.790000000000002,0.04413109756097563,0.8790322580645161,0.7016129032258065,0.13709677419354838,0.27419354838709675,0.7358870967741935,0.7137096774193549,0.5806451612903225,0.5584677419354839
2026-09-24,301550,斯菱智驱,294.79,303.54,284.12,284.46,11187500.0,1067331600.0,-0.020150873204505593,-0.14969809290368874,0.09007300109214222,0.9360578258810013,1.1482349511942413,61.865227618652284,0.57193560858937,19.860000000000003,0.06981649441046195,0.14717741935483872,0.6875,0.050403225806451624,0.6532258064516129,0.6935483870967742,0.5080645161290323,0.092741935483871,0.3780241935483871
2026-09-24,301566,达利凯普,27.58,28.89,26.91,26.95,24712100.0,682384400.0,-0.022842639593908642,0.39709694142042506,0.06277399128485883,0.5488445087244633,1.094664242161147,64.51914098972924,0.7094884696595065,1.332142857142857,0.04943016167505963,0.6431451612903226,0.6370967741935484,0.44354838709677424,0.6209677419354839,0.594758064516129,0.6733870967741935,0.46169354838709675,0.5689516129032258
2026-09-24,301678,新恒汇,57.65,59.47,55.27,56.72,13179000.0,737330700.0000001,-0.05812022583859178,-0.04350758853288361,0.1716184115399182,0.6686153388966696,2.9735910189834645,75.58602388323749,0.9922595549561513,3.0349999999999997,0.05350846262341325,0.2903225806451613,0.8286290322580645,0.22177419354838712,0.9717741935483871,0.21370967741935484,0.9254032258064516,0.375,0.5161290322580645
2026-09-24,600026,中远海能,32.6,33.09,32.34,32.79,55068800.0,1180424500.0,0.012662137121679962,-0.08916666666666673,0.15331856072596817,0.4580559660571525,0.7157412170647238,56.856856856856844,0.6482508311939671,1.5814285714285723,0.04822898967455237,0.22379032258064516,0.8104838709677419,0.6068548387096775,0.25806451612903225,0.9254032258064516,0.625,0.49193548387096775,0.5809475806451612
2026-09-24,600028,中国石化,17.66,17.75,17.61,17.7,173131000.0,921185000.0,0.0028328611898016387,-0.04633620689655171,0.013155760773127412,0.1396262218285352,0.7797140938734678,42.44186046511624,0.3728589716376916,0.23499999999999993,0.013276836158192086,0.28225806451612906,0.4576612903225806,0.967741935483871,0.32056451612903225,0.46975806451612906,0.32056451612903225,0.9637096774193549,0.5899193548387097
2026-09-24,600030,中信证券,149.05,149.05,146.73,146.92,71251400.0,1880840799.9999998,-0.015545430179576658,0.08837691680865234,-0.043283000561102125,0.1527470643281881,0.7629165388918108,28.168234643054774,0.16438001520316292,2.009999999999999,0.01368091478355567,0.43548387096774194,0.23790322580645162,0.9536290322580645,0.3024193548387097,0.125,0.15524193548387097,0.9616935483870968,0.5102822580645162
2026-09-24,600031,三一重工,826.94,828.47,813.16,814.31,66831000.0,1155570200.0,-0.01436732915345329,-0.11224612164357284,-0.08546196631311387,0.2877552671049407,0.9135900050401855,12.562006567456166,0.050855590107931996,20.667857142857144,0.025380821975484944,0.1935483870967742,0.11693548387096774,0.8407258064516129,0.46975806451612906,0.008064516129032258,0.07459677419354839,0.8830645161290323,0.410383064516129
2026-09-24,600036,招商银行,219.26,221.36,219.18,219.61,50352400.0,2057945500.0,0.0015962783909515554,0.035407826496935524,0.024734515166951132,0.12131957025086976,0.782058279280435,38.60164512338433,0.4027955032053132,2.5164285714285706,0.01145862470483389,0.3629032258064516,0.5080645161290323,0.9758064516129032,0.3245967741935484,0.34274193548387094,0.3487903225806452,0.9778225806451613,0.6074596774193548
2026-09-24,600048,保利发展,177.86,178.65,175.96,176.59,197419900.0,1103752500.0,-0.007140447543011463,-0.009368338382138353,0.04098342938773425,0.20702195129893475,0.8671217015499731,62.800417972831774,0.8445947749183214,2.904285714285716,0.016446490255879246,0.31451612903225806,0.5645161290322581,0.9153225806451613,0.4112903225806452,0.6633064516129032,0.8205645161290323,0.939516129032258,0.6607862903225806
2026-09-24,600059,古越龙山,103.48,105.51,97.46,99.78,102452600.0,1141656900.0,-0.029660604881843744,0.23904135104929836,0.3132115203228849,0.8233512541339633,1.744933179867133,64.25531914893617,0.8657663716297086,6.6621428571428565,0.06676831887294905,0.5483870967741935,0.9213709677419355,0.10282258064516125,0.8790322580645161,0.6108870967741935,0.8326612903225806,0.12903225806451613,0.5431451612903226
2026-09-24,600066,宇通客车,977.73,1001.37,977.73,996.8,30261100.0,783915399.9999999,0.019765110283586296,-0.20702602940240566,-0.08247676046549945,0.2076201544444446,1.4964259664478483,26.86353406533449,0.2520899544681139,20.387142857142837,0.02045259114881906,0.11290322580645161,0.1310483870967742,0.9112903225806451,0.7983870967741935,0.1028225806451613,0.22782258064516128,0.9092741935483871,0.4698588709677419
2026-09-24,600089,特变电工,1117.93,1118.49,1092.51,1095.34,66821800.0,1183343900.0,-0.02463913945557039,-0.29743563429245834,-0.10072551797593887,0.15556901909153167,1.3508770103281085,27.78016843917125,0.004457456451200765,18.47785714285718,0.016869517357950208,0.05241935483870968,0.0846774193548387,0.9516129032258065,0.7439516129032258,0.11693548387096774,0.05443548387096774,0.9334677419354839,0.4481854838709678
2026-09-24,600105,永鼎股份,446.63,449.0,426.32,427.01,80709300.0,3486630600.0,-0.05148937115440144,0.39714687694270845,0.04620252079084852,0.6257238741601632,0.635949135132011,64.67763303157429,0.5688224923545429,23.621428571428574,0.05531820934270526,0.6451612903225806,0.5846774193548387,0.3145161290322581,0.12903225806451613,0.5866935483870968,0.5040322580645161,0.33669354838709675,0.45312499999999994
2026-09-24,600108,亚盛集团,45.27,46.42,43.17,43.27,147712500.0,622786900.0,-0.03285650424675901,-0.09192025183630625,0.17498506489979904,1.149245170896164,0.48800706833451846,47.14083175803403,0.40504459986164365,4.277142857142858,0.09884776651589686,0.21975806451612903,0.8346774193548387,0.006048387096774244,0.028225806451612902,0.655241935483871,0.3528225806451613,0.008064516129032251,0.3300403225806452
2026-09-24,600110,诺德股份,168.64,170.94,162.97,163.1,121142400.0,1460993800.0,-0.04513787248990109,0.26778080062184206,0.08173475501239125,0.6629074902081769,0.7006953746142933,59.18431868479293,0.596680231297927,9.139999999999999,0.05603923973022685,0.5665322580645161,0.6693548387096774,0.22983870967741937,0.22379032258064516,0.8266129032258065,0.5362903225806451,0.3245967741935484,0.4788306451612903
2026-09-24,600111,北方稀土,713.46,717.88,708.86,710.88,22654900.0,840545399.9999999,-0.009240289333946605,-0.21212054041473172,-0.07617473511347361,0.18637829085681196,0.7131601049141686,35.17296540691865,0.2386105093595994,13.367142857142833,0.018803655831002183,0.09879032258064516,0.14717741935483872,0.9314516129032258,0.2540322580645161,0.22983870967741934,0.21169354838709678,0.9173387096774194,0.4344758064516129
2026-09-24,600118,中国卫星,1118.17,1159.48,1110.26,1123.7,26983900.0,1573647900.0,0.0033573227137166928,-0.2637944363641128,-0.09977620582281455,0.2277991389565029,1.3450244155435034,51.67926850712151,0.3653364178380035,30.386428571428578,0.0270414065777597,0.0625,0.08870967741935484,0.9032258064516129,0.7419354838709677,0.875,0.3084677419354839,0.8568548387096774,0.517842741935484
2026-09-24,600121,郑州煤电,23.73,25.16,23.73,24.13,158343900.0,783373800.0,0.01685630004214067,0.0587977182974988,0.13648316626502233,0.8961372730916947,0.796106464575706,46.4311463590483,0.339009949499193,1.9757142857142853,0.08187792315434253,0.40524193548387094,0.7903225806451613,0.07056451612903225,0.3387096774193548,0.6270161290322581,0.2842741935483871,0.040322580645161255,0.38931451612903223
2026-09-24,600150,中国船舶,126.09,126.87,124.37,124.58,64263000.0,2464364600.0,-0.011975573003410345,0.22425314465408808,0.06814443699779793,0.440382833749545,0.49885077939660816,52.48152059134107,0.5220389337946365,4.5628571428571405,0.03662592023484621,0.532258064516129,0.6512096774193549,0.6471774193548387,0.036290322580645164,0.9012096774193549,0.4475806451612903,0.719758064516129,0.5961693548387097
2026-09-24,600156,华升股份,15.7,17.12,15.51,16.97,51569900.0,472116300.0,0.09272376046361885,0.27020958083832336,0.1227505292872264,0.5949646533724451,3.1683858741447355,55.69155446756425,0.8845720486239023,0.9350000000000002,0.0550972304065999,0.5725806451612904,0.7540322580645161,0.3629032258064516,0.9758064516129032,0.967741935483871,0.8487903225806451,0.344758064516129,0.6354838709677421
2026-09-24,600160,巨化股份,340.6,343.09,334.06,334.15,21283400.0,732908500.0,-0.023181711880261968,0.027489929583961237,-0.13421689358800581,0.29331270284336436,0.8444196960376341,23.01412872841442,0.1792904105975821,8.843571428571424,0.02646587289711634,0.3467741935483871,0.03024193548387097,0.8387096774193549,0.3870967741935484,0.05040322580645161,0.1693548387096774,0.8689516129032258,0.40987903225806455
2026-09-24,600162,香江控股,35.17,35.36,33.67,34.39,126657700.0,552882000.0,-0.043393602225312966,0.9855658198614319,0.11251293995859224,0.722003477802374,0.7644122633604381,44.91017964071856,0.09444883066022379,2.1521428571428585,0.06258048436007149,0.8911290322580645,0.7439516129032258,0.16935483870967738,0.30443548387096775,0.5685483870967742,0.10080645161290322,0.18951612903225812,0.47429435483870974
2026-09-24,600172,黄河旋风,143.89,150.97,140.92,147.38,210010400.0,3526870200.0,0.00896830286848771,1.1970781156827668,0.20212235198797157,0.6464309190029028,0.9186714621275228,57.57289204097714,0.8102671190680034,9.869285714285718,0.06696489153403255,0.9254032258064516,0.8709677419354839,0.2641129032258065,0.4717741935483871,0.8991935483870968,0.780241935483871,0.125,0.6042338709677421
2026-09-24,600176,中国巨石,638.77,641.82,611.84,612.37,192842400.0,8457433000.0,-0.05254281868395405,0.6172881893091064,-0.031239469908260542,0.4437668034332586,0.7980640937558863,60.17143161369325,0.3633945163347729,36.85714285714288,0.060187701646296984,0.7721774193548387,0.29435483870967744,0.6431451612903225,0.34274193548387094,0.7883064516129032,0.30443548387096775,0.22782258064516125,0.48054435483870966
2026-09-24,600183,生益科技,1094.13,1094.13,1053.06,1055.48,43602300.0,6051290400.0,-0.04149223099067356,1.5060664339815277,0.0007030178570328616,0.5307567415627087,0.616859842547757,49.82965849935952,-0.010282878202360837,61.73928571428572,0.05849403656562485,0.9657258064516129,0.4173387096774194,0.4657258064516129,0.1028225806451613,0.7903225806451613,0.04435483870967742,0.2782258064516129,0.47560483870967735
2026-09-24,600186,莲花控股,70.62,72.74,69.3,69.51,212973900.0,2816715800.0,-0.04018227009113495,0.8282482903734876,0.18644067796610186,0.5963366526790274,0.8617671426186971,60.3933536792133,0.7875870133864632,4.122857142857145,0.05931315124237009,0.8608870967741935,0.8568548387096774,0.3608870967741935,0.4012096774193548,0.7701612903225806,0.7620967741935484,0.25604838709677424,0.6091733870967743
2026-09-24,600206,有研新材,209.24,211.1,205.07,205.19,47847800.0,2406165900.0,-0.031894314696862436,1.4352005696653216,0.02978681403796979,0.5490848489244712,0.6408619366559546,63.23508472162893,0.6105767835758555,11.238571428571428,0.05477153578912924,0.9556451612903226,0.530241935483871,0.4415322580645161,0.13709677419354838,0.6431451612903226,0.5604838709677419,0.35282258064516125,0.5231854838709677
2026-09-24,600227,赤天化,21.31,21.84,20.77,20.87,135271400.0,521507300.00000006,-0.01834430856067737,0.0024015369836696276,0.044187423387063385,0.8922696941691762,0.5294711214792316,40.88820826952527,0.1646739130758509,1.5750000000000004,0.07546717776712987,0.3245967741935484,0.5745967741935484,0.07258064516129037,0.04838709677419355,0.4032258064516129,0.15725806451612903,0.07258064516129037,0.27076612903225805
2026-09-24,600230,沧州大化,31.69,32.19,30.37,30.46,41761100.0,615698800.0,-0.028389154704944186,-0.22017409114183306,0.02461750640526117,0.49005144698200753,3.1757888977314166,47.43589743589744,0.5168631203895507,1.1057142857142856,0.03630053465903761,0.09274193548387097,0.5060483870967742,0.5483870967741935,0.9778225806451613,0.6754032258064516,0.4415322580645161,0.7258064516129032,0.5463709677419355
2026-09-24,600246,万通发展,148.79,152.43,146.88,147.84,100683700.0,1462963000.0,-0.02768826044064454,0.5050391937290033,0.03482549919037581,0.6039482358301086,0.89413102436715,71.44189516881175,0.8764978795775095,7.632857142857143,0.05162917439703154,0.7217741935483871,0.5504032258064516,0.35080645161290325,0.43951612903225806,0.3387096774193548,0.842741935483871,0.4213709677419355,0.49919354838709684
2026-09-24,600276,恒瑞医药,2767.88,2790.83,2721.98,2737.28,42358400.0,1902003700.0,-0.015242926267695522,-0.209257986052934,-0.10838312628877489,0.27866218743542925,0.70993435289411,43.55575695781883,0.48762611010385476,58.255000000000074,0.021282075637128854,0.10887096774193548,0.0625,0.8548387096774194,0.24193548387096775,0.5201612903225806,0.4213709677419355,0.9032258064516129,0.4356854838709677
2026-09-24,600309,万华化学,2259.48,2261.24,2209.82,2215.33,29477900.0,2061574000.0,-0.023765456580559396,-0.11254036037912729,-0.03638276743572,0.23757318266040123,0.9112169430419472,26.09714638920373,0.09880668405786974,51.7778571428571,0.023372525602441668,0.19153225806451613,0.2620967741935484,0.8951612903225806,0.4657258064516129,0.0846774193548387,0.1028225806451613,0.8951612903225806,0.467741935483871
2026-09-24,600330,天通股份,136.48,137.29,131.09,131.54,81027800.0,2349903500.0,-0.045012342093800006,0.7459516856915316,0.15305386002179744,0.7142122060829647,0.8048505706617992,57.46979388770433,0.46592442690693847,8.111428571428572,0.061665110015421715,0.8286290322580645,0.8084677419354839,0.17943548387096775,0.35080645161290325,0.9032258064516129,0.40725806451612906,0.2036290322580645,0.5386088709677419
2026-09-24,600343,航天动力,63.66,67.54,61.99,65.0,62260000.0,1250754200.0,0.02265575833857758,-0.3827746652739531,0.027473048591571514,0.5204888522243899,2.025270008893492,63.389040031092115,0.7183556322161264,3.8242857142857143,0.058835164835164835,0.02620967741935484,0.5120967741935484,0.4858870967741935,0.9133064516129032,0.6370967741935484,0.6834677419354839,0.2681451612903226,0.45856854838709676
2026-09-24,600353,旭光电子,310.17,324.82,300.41,304.46,79517400.0,2662745100.0,-0.02594618805387594,1.2957321670939526,0.005418525357542725,0.6722746719970889,1.3570398702373523,55.59134836631384,0.36937300598889783,21.377857142857142,0.07021565112940006,0.9415322580645161,0.4334677419354839,0.217741935483871,0.7479838709677419,0.969758064516129,0.31451612903225806,0.08669354838709675,0.4936491935483871
2026-09-24,600354,敦煌种业,29.44,29.94,27.64,27.82,89060300.0,864855100.0,-0.05406324379462768,0.45198329853862207,0.3324286569546997,1.149305095726347,0.6589287316892823,55.50718328254245,0.4889719335748996,3.0835714285714286,0.1108400944849543,0.6854838709677419,0.9334677419354839,0.0040322580645161255,0.16330645161290322,0.9778225806451613,0.42338709677419356,0.0,0.4722782258064516
2026-09-24,600360,华微电子,90.3,96.06,90.05,93.81,80959500.0,933252400.0,0.025582158084617834,0.3085507044218163,0.042020727115198886,0.47465191697276055,1.2889606114703873,77.82940590773316,0.9485192759611485,4.517857142857143,0.048159654011908574,0.6008064516129032,0.5685483870967742,0.5887096774193548,0.7116935483870968,0.17943548387096775,0.8931451612903226,0.49395161290322576,0.5578629032258065
2026-09-24,600362,江西铜业,62.68,62.78,60.87,60.97,45061000.0,1937716700.0000002,-0.041201446768359906,-0.005221080110947907,-0.04052749742965667,0.4018734198546172,0.7355476700950927,39.787028073572124,0.10749968455966549,2.3457142857142865,0.03847325382506621,0.32056451612903225,0.24596774193548387,0.7036290322580645,0.2782258064516129,0.3709677419354839,0.11290322580645161,0.6834677419354839,0.4233870967741936
2026-09-24,600367,红星发展,159.59,160.07,151.13,151.29,34700600.0,1302443300.0,-0.06645686782673088,0.7451839889260583,0.02241510003502878,0.5789744725774322,0.9189154548844146,56.172436316133236,0.4342233997175054,8.314999999999998,0.05496067155793508,0.8266129032258065,0.5,0.3870967741935484,0.47580645161290325,0.9415322580645161,0.38306451612903225,0.34879032258064513,0.539616935483871
2026-09-24,600378,昊华科技,166.99,168.78,162.85,163.05,31000000.0,1416546900.0,-0.03435001480604072,0.45113919544321823,-0.07094987611715353,0.6194680841112875,0.4775898290621268,47.86666666666669,0.1849458138522765,7.448571428571428,0.04568274411880667,0.6834677419354839,0.15725806451612903,0.33669354838709675,0.02217741935483871,0.6834677419354839,0.1774193548387097,0.5443548387096775,0.3702620967741935
2026-09-24,600396,华电辽能,80.9,81.38,79.86,79.98,62196900.0,796121000.0,-0.017927308447937107,0.7024265644955303,-0.11402243929997657,0.5703254377978819,0.452666895849802,43.12135799341273,0.07608073913598766,5.417142857142857,0.06773121851891545,0.8145161290322581,0.05241935483870968,0.4032258064516129,0.016129032258064516,0.5060483870967742,0.0907258064516129,0.11693548387096775,0.2902217741935484
2026-09-24,600397,江钨装备,60.54,62.77,59.45,59.9,85531600.0,1542318500.0,-0.0021655838747293155,0.23023208050934496,0.029849591527381092,0.4566912355513905,1.122793328372114,57.59590792838875,0.5586510935263288,3.0371428571428574,0.050703553541616986,0.5423387096774194,0.532258064516129,0.6129032258064516,0.6431451612903226,0.8971774193548387,0.4899193548387097,0.4415322580645161,0.5817540322580645
2026-09-24,600403,大有能源,41.71,43.35,41.19,41.61,150780600.0,1105712600.0,-0.005734767025089682,0.1915807560137457,0.11178898898720613,0.6580627457304007,1.1449013953990228,57.865168539325836,0.5656110766098091,2.4421428571428576,0.058691248669619264,0.5060483870967742,0.7419354838709677,0.23790322580645162,0.6512096774193549,0.8870967741935484,0.5020161290322581,0.2701612903225806,0.5284274193548387
2026-09-24,600406,国电南瑞,1047.15,1051.96,1039.13,1045.94,30597400.0,680901400.0,-0.004198600466510993,-0.1137078118512368,-0.0298493041984923,0.08120032794453445,1.082134249099471,35.52199606040722,0.3887356061128199,11.109285714285695,0.0106213412951849,0.18951612903225806,0.3004032258064516,0.9959677419354839,0.6048387096774194,0.24193548387096775,0.3407258064516129,0.9858870967741935,0.5523185483870967
2026-09-24,600410,华胜天成,183.4,185.05,179.35,180.11,61710800.0,962475100.0,-0.02204484986697064,-0.36960554408316115,0.05135965769957074,0.58033317548386,0.5369633709759702,58.56186224489797,0.5735683659651584,9.279285714285718,0.051520102794324125,0.03225806451612903,0.6008064516129032,0.38508064516129037,0.05241935483870968,0.8669354838709677,0.5100806451612904,0.4254032258064516,0.41330645161290325
2026-09-24,600415,小商品城,445.02,447.45,437.39,438.78,63315200.0,692552600.0,0.00237583953945264,-0.11969344354385691,-0.06776273040974923,0.40277224914935755,1.2628926743081588,19.681054972015588,0.013172357966627381,14.125000000000009,0.0321915310634031,0.1875,0.16532258064516128,0.6995967741935484,0.7016129032258065,0.02620967741935484,0.05846774193548387,0.8004032258064516,0.4051411290322581
2026-09-24,600418,江淮汽车,114.64,118.68,113.37,113.64,175249000.0,4097068200.0,-0.020344827586206926,-0.47305944542335154,0.03933479158886333,0.5293323611712736,2.2732576337464656,65.0474274216729,1.0191891752022708,4.6014285714285705,0.04049127570774877,0.0020161290322580645,0.5604838709677419,0.469758064516129,0.9395161290322581,0.5725806451612904,0.9435483870967742,0.6512096774193548,0.5304435483870968
2026-09-24,600460,士兰微,480.48,483.74,471.29,471.57,48865800.0,1612681500.0,-0.0277107688501268,0.29573556080672647,-0.03523051124169807,0.36778413578067276,0.6333766054745318,68.30541657602784,0.6695560625947055,15.985000000000001,0.03389740653561508,0.5907258064516129,0.2701612903225806,0.747983870967742,0.12298387096774194,0.4375,0.6411290322580645,0.7661290322580645,0.5087701612903226
2026-09-24,600479,千金药业,147.11,149.79,142.49,142.64,65630500.0,833493900.0,-0.03965528849390709,0.11073041582308041,0.08901706742606708,0.7423822183625491,0.7370129686006007,46.036023259112184,0.41247220655658495,8.483571428571425,0.05947540261197017,0.45161290322580644,0.6854838709677419,0.14919354838709675,0.28024193548387094,0.6169354838709677,0.36088709677419356,0.25,0.41421370967741933
2026-09-24,600487,亨通光电,652.18,657.47,628.24,630.07,109535100.0,7505827600.0,-0.03579408073944845,0.26066948118209643,0.05440575496547617,0.514527559939266,0.6454579024207728,58.82374962563643,0.5649372911202143,32.815,0.0520815147523291,0.5584677419354839,0.6149193548387096,0.5060483870967742,0.14112903225806453,0.844758064516129,0.5,0.4092741935483871,0.5236895161290323
2026-09-24,600489,中金黄金,283.58,284.97,273.73,274.19,73789100.0,1656902600.0,-0.051344151126180626,-0.13909384910044276,-0.04838809504665964,0.37800755265418495,0.983138090084074,25.29397354238118,-0.1101439888362539,10.637857142857152,0.0387973928402099,0.16532258064516128,0.2217741935483871,0.7338709677419355,0.530241935483871,0.07862903225806452,0.008064516129032258,0.6774193548387097,0.3899193548387097
2026-09-24,600497,驰宏锌锗,213.88,214.32,206.93,207.37,84654600.0,793493000.0,-0.03732417250824005,0.1863951026946622,-0.0537473800129592,0.32406087828927993,0.801959269977257,39.41176470588236,0.0719328153903663,6.9371428571428595,0.033452972258006745,0.4959677419354839,0.20967741935483872,0.8084677419354839,0.3467741935483871,0.36189516129032256,0.0846774193548387,0.7762096774193549,0.4800403225806451
2026-09-24,600498,烽火通信,135.7,136.62,132.36,132.42,41878700.0,1740050400.0,-0.03159280386134289,-0.129274066280905,-0.013572503389401414,0.40268068212147945,0.4787397459434035,63.44502907781778,0.47761315937933513,5.937142857142853,0.044835695945800134,0.17137096774193547,0.36088709677419356,0.7016129032258065,0.024193548387096774,0.6350806451612904,0.41330645161290325,0.5625,0.42721774193548395
2026-09-24,600499,科达制造,341.0,341.24,331.6,332.56,50114900.0,568579000.0,-0.028851769653077897,-0.24914768237339413,-0.19340057959578671,0.3970152707432483,1.6067723433257577,10.796063529182533,-0.10960434634585897,12.027857142857142,0.03616747998212997,0.07661290322580645,0.006048387096774193,0.7137096774193548,0.8387096774193549,0.0020161290322580645,0.010080645161290322,0.7318548387096775,0.35010080645161296
2026-09-24,600522,中天科技,289.0,291.86,281.98,282.05,120257600.0,4236806100.0,-0.0261376976728126,0.18642998359483465,-0.009111977431431773,0.40870934010322896,0.5947257220422704,63.5223678264799,0.5509513708060211,11.714285714285719,0.04153265631726899,0.49798387096774194,0.37298387096774194,0.6834677419354839,0.08064516129032258,0.6290322580645161,0.4798387096774194,0.6350806451612903,0.49485887096774195
2026-09-24,600547,山东黄金,630.07,632.62,602.63,604.59,83672000.0,2469565700.0,-0.05687543873332801,-0.25718743856890103,-0.04618140207026966,0.4569477748087472,0.9927596837435364,10.89873932492884,-0.06426610324767267,28.043571428571436,0.04638444471223711,0.07056451612903226,0.22580645161290322,0.6108870967741935,0.5423387096774194,0.004032258064516129,0.02217741935483871,0.5342741935483871,0.3251008064516129
2026-09-24,600549,厦门钨业,592.75,593.54,575.74,575.97,30191500.0,1430265000.0,-0.03440124729668559,-0.10671857067526902,-0.11753935913064928,0.327444096948716,0.8435826985006685,42.712371624838475,0.007809500429902416,19.15142857142858,0.03325073974586971,0.20161290322580644,0.046370967741935484,0.8004032258064516,0.3850806451612903,0.48588709677419356,0.056451612903225805,0.782258064516129,0.4091733870967742
2026-09-24,600552,凯盛科技,143.87,148.89,142.57,142.88,91324900.0,1693349300.0,-0.01881609669001516,0.5315682281059062,0.013513034225926646,0.3568029698597583,1.8522470118350245,68.81653099561672,0.8119177921737559,5.7249999999999925,0.04006858902575583,0.7358870967741935,0.46169354838709675,0.7580645161290323,0.8971774193548387,0.4153225806451613,0.7862903225806451,0.6612903225806452,0.6471774193548387
2026-09-24,600584,长电科技,345.4,345.4,334.76,334.76,54011200.0,3759138700.0,-0.04140656319798419,0.7852914511226068,-0.11518583846247366,0.46184867414666214,0.7098924289111299,53.889132340052576,0.37234444042787634,12.832142857142843,0.03833236604475697,0.844758064516129,0.05040322580645161,0.6008064516129032,0.2399193548387097,0.9455645161290323,0.3185483870967742,0.689516129032258,0.4973790322580645
2026-09-24,600593,大连圣亚,91.92,96.46,91.92,92.8,13551500.0,674109200.0,-0.014757405244718136,0.34746624074342947,0.22321203000911694,0.5886113577230887,1.671832736536605,69.63507625272332,0.9716340027945071,4.512857142857145,0.04862992610837441,0.6189516129032258,0.8810483870967742,0.3709677419354839,0.8608870967741935,0.3810483870967742,0.9173387096774194,0.4838709677419355,0.6299395161290323
2026-09-24,600601,方正科技,169287.48,171362.84,160986.05,161230.2,161824200.0,2357027000.0,-0.058459034025600154,0.5238295244888451,0.14642507093634105,0.5820856838870198,0.7435478326467151,60.78798375867931,0.5380189872448684,10455.272142857142,0.06484685960109918,0.7338709677419355,0.8004032258064516,0.38104838709677424,0.2903225806451613,0.75,0.46169354838709675,0.155241935483871,0.5367943548387097
2026-09-24,600613,神奇制药,249.51,256.46,241.49,242.83,74340200.0,622929700.0,-0.04318531068994047,0.22511477725644524,0.15409567006193536,0.9042720023685425,0.686043355719352,43.72061786433849,0.2809679709312415,19.218571428571426,0.07914413963913612,0.5362903225806451,0.8125,0.06451612903225812,0.19959677419354838,0.5262096774193549,0.23790322580645162,0.050403225806451624,0.38850806451612907
2026-09-24,600667,太极实业,96.2,96.52,92.65,92.7,154432200.0,3055484600.0,-0.05543101691461172,1.1329958582604696,-0.03137663984173222,0.6200419476042004,0.7130170223174889,61.76607642124886,0.5515785079481956,5.839999999999999,0.06299892125134843,0.9133064516129032,0.2923387096774194,0.33467741935483875,0.25201612903225806,0.6975806451612904,0.48185483870967744,0.18145161290322576,0.4232862903225807
2026-09-24,600699,均胜电子,94.22,103.26,93.34,98.82,128960500.0,2951694600.0,0.048376830044557506,-0.09339449541284406,0.10961188287055834,0.4840349996648748,3.232789523556456,71.98198198198197,1.1441350604227172,4.343571428571428,0.04395437592158903,0.21774193548387097,0.7338709677419355,0.5665322580645161,0.9798387096774194,0.3225806451612903,0.9818548387096774,0.5866935483870968,0.5967741935483871
2026-09-24,600703,三安光电,273.18,273.37,268.07,268.07,64891400.0,816692400.0,-0.024774447031431945,0.08179983857949957,-0.06899018758885134,0.40716943371210385,0.6171646144333228,32.404010760577165,0.19471452951917875,7.020000000000006,0.026187189913082425,0.4314516129032258,0.16129032258064516,0.6935483870967742,0.10483870967741936,0.18346774193548387,0.1875,0.872983870967742,0.41290322580645167
2026-09-24,600707,彩虹股份,19.42,19.68,18.78,18.8,133993500.0,1295028100.0,-0.03192584963954692,0.7391304347826086,-0.00946627092151242,0.4338440084439656,1.1738442548486938,68.55575868372947,0.7698807906057094,0.9864285714285713,0.05246960486322188,0.8225806451612904,0.3709677419354839,0.6532258064516129,0.6673387096774194,0.42943548387096775,0.7338709677419355,0.39919354838709675,0.5530241935483872
2026-09-24,600722,金牛化工,89.26,91.51,84.6,85.29,97091600.0,1505042000.0,-0.0731362747228862,0.05635372801585348,0.18083854443085579,1.1389023947119379,0.7298049684925859,41.86489058039961,0.13121530946475615,9.194285714285716,0.10780027804297942,0.3971774193548387,0.844758064516129,0.008064516129032251,0.2721774193548387,0.44556451612903225,0.1310483870967742,0.0020161290322581182,0.351008064516129
2026-09-24,600737,中粮糖业,202.1,203.83,197.5,199.11,50367600.0,746569200.0,-0.01591459496861558,0.06727058319039458,0.06410970129644555,0.7608830349949179,0.42744381131033554,46.13220815752462,0.3330093468446536,12.642857142857144,0.06349684668202071,0.41935483870967744,0.6411290322580645,0.1411290322580645,0.010080645161290322,0.6229838709677419,0.2762096774193548,0.1733870967741935,0.35453629032258066
2026-09-24,600760,中航沈飞,454.43,455.23,441.61,444.79,13910600.0,601149800.0,-0.022933462205917854,-0.10058034901825963,-0.018894282820521635,0.30101870504787803,0.8032539911224341,26.288894972169032,0.07281502473662567,12.705714285714285,0.028565647352040927,0.20967741935483872,0.3326612903225806,0.8306451612903226,0.3487903225806452,0.08870967741935484,0.08669354838709678,0.8366935483870968,0.45433467741935485
2026-09-24,600770,综艺股份,131.92,138.48,129.66,130.07,104086100.0,662034000.0,-0.04514755542504778,0.12996264442706962,0.13152724715639286,0.6410828872292138,1.700961302211553,67.28330598239593,0.8114787016535306,8.084285714285716,0.06215334600050524,0.46975806451612906,0.780241935483871,0.27217741935483875,0.8689516129032258,0.4879032258064516,0.7842741935483871,0.19556451612903225,0.5241935483870968
2026-09-24,600815,厦工股份,26.98,29.92,26.86,29.92,296316600.0,1335809300.0,0.08998178506375232,0.23279769262463956,0.31340400781370037,0.7561012976701256,2.560841865681819,64.37448218724111,0.9243519501381207,1.693571428571429,0.05660332314744081,0.5443548387096774,0.9233870967741935,0.14314516129032262,0.9516129032258065,0.6048387096774194,0.8810483870967742,0.3165322580645161,0.5883064516129032
2026-09-24,600843,上工申贝,20.38,23.6,20.38,23.6,56684500.0,447215000.0,0.09716410971641087,-0.09992372234935154,0.1798328570119232,0.5048447627108573,6.6668038812114085,76.93574958813838,1.3715552004016824,0.7278571428571438,0.030841404358353548,0.21169354838709678,0.842741935483871,0.5241935483870968,0.9979838709677419,0.19153225806451613,0.9979838709677419,0.8125,0.6380040322580645
2026-09-24,600869,远东股份,204.9,205.86,195.3,195.78,155312400.0,3126621500.0,-0.055571635311143286,0.3832132259431964,0.05200939274909855,0.9255448912691492,0.5696863538292907,45.505464480874316,0.2871836248927136,17.582857142857147,0.08980926112400218,0.6370967741935484,0.6028225806451613,0.05443548387096775,0.07056451612903226,0.5987903225806451,0.2439516129032258,0.024193548387096753,0.33991935483870966
2026-09-24,600879,航天电子,617.54,631.72,612.22,617.54,71733800.0,1031292800.0,0.0007130124777181557,-0.32526250232182075,-0.09873217709337212,0.2639644026531107,1.1598079991307964,48.45893815867964,0.2859159857577727,18.418571428571415,0.029825714008115126,0.038306451612903226,0.0907258064516129,0.875,0.6592741935483871,0.7096774193548387,0.24193548387096775,0.8185483870967742,0.4752016129032258
2026-09-24,600884,杉杉股份,336.61,338.42,328.08,329.12,48154700.0,558015400.0,-0.02897267953030036,-0.1116149755715713,-0.03787884324458635,0.25928466664037786,1.5772498591586201,49.75695119580012,0.5415287265410538,7.3292857142857235,0.022269341620945928,0.19556451612903225,0.25806451612903225,0.8790322580645161,0.8306451612903226,0.782258064516129,0.46774193548387094,0.8991935483870968,0.5892137096774194
2026-09-24,600887,伊利股份,2282.66,2290.54,2273.57,2282.66,31103800.0,836181100.0,-0.0005298024843796156,0.03774253968831265,0.01816859362970713,0.10382288808858839,0.608247790604502,50.8319581958196,0.8420662914794426,24.93142857142857,0.010922094648974692,0.36693548387096775,0.4778225806451613,0.9858870967741935,0.0967741935483871,0.8326612903225806,0.8165322580645161,0.9838709677419355,0.6530241935483871
2026-09-24,600893,航发动力,128.09,128.84,124.86,124.92,21947800.0,848223400.0,-0.030651043687436985,-0.22177921754298535,0.03338595487415641,0.3382646650860133,0.6664435855890434,41.35743736124325,0.18312931246054642,4.803571428571431,0.03845318146470886,0.08870967741935484,0.5463709677419355,0.7842741935483871,0.17338709677419356,0.4213709677419355,0.17540322580645162,0.6875,0.478125
2026-09-24,600900,长江电力,68.43,68.94,68.36,68.88,95024300.0,2684347900.0,0.007164790174001956,0.05741479889468826,0.005403117314059402,0.0913155084274342,1.0843590172833437,48.635235732009924,0.5924697617634811,0.6164285714285691,0.008949311431889796,0.4012096774193548,0.4314516129032258,0.9919354838709677,0.6068548387096774,0.7157258064516129,0.530241935483871,0.9899193548387096,0.6736895161290323
2026-09-24,600919,江苏银行,18.67,19.09,18.67,18.91,125050400.0,1535796099.9999998,0.012854847348687581,0.12225519287833819,0.0318485239818842,0.14695702166437047,1.396202865115232,49.268292682926806,0.5264039856025444,0.3164285714285714,0.016733398806376067,0.46169354838709675,0.5383064516129032,0.9596774193548387,0.7641129032258065,0.7520161290322581,0.4536290322580645,0.9375,0.7106854838709677
2026-09-24,600938,中国海油,38.2,38.73,38.18,38.66,29438800.0,960836799.9999999,0.013368283093053712,-0.13531648400805196,0.018798313422346835,0.23688259618148497,0.6867569137183303,45.72230014025242,0.242624223961756,1.0321428571428564,0.02669795284901336,0.1693548387096774,0.48185483870967744,0.8971774193548387,0.20362903225806453,0.6088709677419355,0.21975806451612903,0.8649193548387097,0.5472782258064517
2026-09-24,600941,中国移动,116.25,117.35,115.82,117.2,8276100.0,803547800.0,0.00904003443822643,0.05747541279436974,0.01341273078125882,0.09792899473668389,1.0588725242148913,32.030264817150055,0.40886579051656025,1.287857142857144,0.01098854217454901,0.4032258064516129,0.4596774193548387,0.9879032258064516,0.5887096774193549,0.17540322580645162,0.3588709677419355,0.9798387096774194,0.6143145161290322
2026-09-24,600967,内蒙一机,69.04,70.78,68.9,69.38,43391300.0,566871400.0,0.0021666907410080594,-0.10187702265372178,0.08521837060827786,0.6986672009535314,0.4423852526898389,45.02242152466368,0.4074060262344898,4.285714285714284,0.061771609768150534,0.2056451612903226,0.6794354838709677,0.19959677419354838,0.012096774193548387,0.5806451612903226,0.35685483870967744,0.19959677419354838,0.3476814516129032
2026-09-24,600988,赤峰黄金,231.55,233.13,222.23,222.39,47792300.0,1956544800.0,-0.05160134760544166,-0.0973332792141901,-0.007240683534810666,0.38288313918358435,0.9869557329631584,27.92091072498502,-0.06031364704441609,10.138571428571435,0.04558915161909904,0.2157258064516129,0.38306451612903225,0.7237903225806452,0.5362903225806451,0.12096774193548387,0.024193548387096774,0.5463709677419355,0.42177419354838713
2026-09-24,600989,宝丰能源,25.89,26.11,25.45,25.54,37558200.0,845050399.9999999,-0.009693679720822024,-0.195083517176174,-0.019075662527205384,0.29985256171980296,0.5554723638145654,35.19313304721031,-0.08309557697449817,0.9514285714285714,0.03725248909273968,0.11693548387096774,0.33064516129032256,0.8346774193548387,0.06048387096774194,0.2318548387096774,0.016129032258064516,0.7137096774193548,0.40423387096774194
2026-09-24,601012,隆基绿能,232.81,233.0,225.69,225.88,70872800.0,790780300.0,-0.030557939914163113,-0.3499669055224611,-0.08727363338204697,0.24754452422020212,1.071260252297745,29.839172889144194,0.1789952706814227,4.3721428571428556,0.019356042399251178,0.034274193548387094,0.11290322580645161,0.8870967741935484,0.594758064516129,0.14717741935483872,0.16733870967741934,0.9133064516129032,0.43034274193548383
2026-09-24,601077,渝农商行,8.43,8.6,8.42,8.53,90415500.0,600840900.0,0.011862396204033177,-0.045861297539149914,-0.0013463677340047608,0.1472706948582159,1.4071276382913707,34.782608695652144,0.3427099249475875,0.13428571428571448,0.015742756657176376,0.2842741935483871,0.4012096774193548,0.9576612903225806,0.7661290322580645,0.21975806451612903,0.28830645161290325,0.9455645161290323,0.5893145161290322
2026-09-24,601086,国芳集团,18.78,19.46,16.9,16.9,71773500.0,1165472100.0,-0.09139784946236573,0.6407766990291259,0.4957958400944089,1.075861684073933,0.953511126521714,58.70841487279843,0.5869675745727861,1.773571428571429,0.10494505494505497,0.7842741935483871,0.969758064516129,0.01814516129032262,0.5060483870967742,0.8548387096774194,0.5201612903225806,0.0040322580645161255,0.5264112903225807
2026-09-24,601088,中国神华,72.54,73.36,72.35,73.23,25276700.0,1209153500.0,0.011324402706808456,0.01906484831617039,0.03783278179718108,0.1365068763036745,1.021305979662529,53.017241379310384,0.7547339431302551,1.0835714285714297,0.014796824096291543,0.3407258064516129,0.5564516129032258,0.9717741935483871,0.5685483870967742,0.9213709677419355,0.7116935483870968,0.9495967741935484,0.7115927419354838
2026-09-24,601100,恒立液压,300.95,308.09,298.15,303.12,9573200.0,889283500.0,0.007210500083070226,-0.08994836075417312,-0.10388414428947379,0.27628222622979737,1.4292699349727864,33.98162327718222,0.1607222432832624,10.71142857142857,0.0353372544583946,0.2217741935483871,0.07056451612903226,0.8588709677419355,0.7741935483870968,0.20161290322580644,0.1532258064516129,0.7419354838709677,0.43921370967741935
2026-09-24,601118,海南橡胶,6.95,7.04,6.69,6.77,114111400.0,747185000.0,-0.025899280575539696,-0.01023391812865504,0.1251454213062988,0.7311847805528984,0.644034856244588,43.55971896955502,0.4013605203113746,0.48999999999999994,0.0723781388478582,0.3125,0.7641129032258065,0.15927419354838712,0.13911290322580644,0.5221774193548387,0.3467741935483871,0.0786290322580645,0.3650201612903226
2026-09-24,601127,赛力斯,50.07,50.52,49.37,49.4,13455600.0,629341800.0,-0.017306544658842293,-0.4592227695675971,-0.12140030531635815,0.31499326340236494,0.6551834115249682,35.43378995433787,0.22003955032894723,1.6678571428571434,0.03376229034123772,0.004032258064516129,0.04435483870967742,0.8225806451612903,0.16129032258064516,0.2399193548387097,0.19959677419354838,0.7681451612903226,0.3415322580645161
2026-09-24,601138,工业富联,66.13,66.4,64.63,64.83,67195000.0,4118101500.0,-0.029636281993713598,0.1748822036969917,-0.025940366455567854,0.3348016314338987,0.7565479906948932,42.30108757870639,0.12943346801671107,2.0757142857142847,0.03201780480817962,0.49193548387096775,0.3125,0.7923387096774194,0.3004032258064516,0.4637096774193548,0.12903225806451613,0.8024193548387097,0.513608870967742
2026-09-24,601166,兴业银行,92.54,92.9,92.48,92.51,59537100.0,1067751600.0,0.000324394463667943,-0.01783628835332829,-0.004419540683450296,0.11244008805776307,0.6826337439405995,36.65048543689329,0.45126893611113694,0.6899999999999997,0.007458653118581771,0.30443548387096775,0.3850806451612903,0.9778225806451613,0.19153225806451613,0.2762096774193548,0.3971774193548387,0.9959677419354839,0.5535282258064516
2026-09-24,601168,西部矿业,41.1,41.1,39.66,39.79,34181900.0,1218918300.0,-0.03912098526925856,0.3245672436750999,-0.0333982485049944,0.3805307735596771,0.7036827551209992,35.24590163934427,0.1371349161736807,1.5021428571428572,0.03775176821168277,0.6108870967741935,0.28024193548387094,0.7298387096774194,0.2318548387096774,0.23387096774193547,0.13709677419354838,0.6995967741935484,0.46602822580645153
2026-09-24,601169,北京银行,23.23,23.38,23.21,23.26,131041600.0,721426300.0,0.0021542438604049696,0.02965914121292612,0.032638051335933005,0.14686652212672022,0.6338251940261834,41.818181818181806,0.4396036821560025,0.22999999999999993,0.009888220120378328,0.3548387096774194,0.5403225806451613,0.9616935483870968,0.125,0.4435483870967742,0.3870967741935484,0.9879032258064516,0.6050403225806451
2026-09-24,601208,东材科技,143.79,151.23,141.51,150.09,93196600.0,5169694700.0,0.025485105220005355,0.8791786653311631,0.18286660011558853,0.6277455584490003,1.3646177009233103,72.21483205853008,1.0181984114540463,8.331428571428573,0.055509551412009944,0.8729838709677419,0.8487903225806451,0.30443548387096775,0.7520161290322581,0.3125,0.9415322580645161,0.3306451612903226,0.6071572580645161
2026-09-24,601211,国泰海通,22.72,22.8,22.33,22.38,57785700.0,1001018300.0,-0.020140105078809145,0.0472625175479644,-0.038873102332672604,0.14437526370101403,0.9978863922220201,35.77586206896558,0.04906071479835015,0.3185714285714286,0.014234648282905658,0.3810483870967742,0.25201612903225806,0.9637096774193549,0.5483870967741935,0.25,0.07258064516129033,0.9576612903225806,0.5400201612903225
2026-09-24,601212,白银有色,5.9,5.93,5.81,5.83,154150900.0,895874800.0,-0.041118421052631526,-0.2648171500630516,0.008301625735039675,0.7039331960315405,0.479607900506972,21.509433962264183,0.10119875244397716,0.3285714285714287,0.05635873560401864,0.06048387096774194,0.4415322580645161,0.19153225806451613,0.02620967741935484,0.036290322580645164,0.10887096774193548,0.32056451612903225,0.21754032258064515
2026-09-24,601231,环旭电子,59.73,59.73,57.19,57.21,26537900.0,687004200.0,-0.04950988536301704,-0.21425628347754433,-0.03202337175987546,0.5439474635855551,0.8247290361156726,52.912621359223294,0.301727773655459,2.819999999999999,0.04929208180388042,0.0967741935483871,0.2862903225806452,0.44758064516129037,0.3709677419354839,0.9173387096774194,0.2540322580645161,0.467741935483871,0.3872983870967742
2026-09-24,601288,农业银行,9.74,9.85,9.72,9.78,288653700.0,1988342300.0,0.004106776180698102,0.008247422680412342,0.02173004596740502,0.14135795227226167,0.9897743034910519,44.82758620689656,0.42029147824682334,0.13857142857142865,0.014168857727139945,0.3326612903225806,0.4959677419354839,0.9657258064516129,0.5383064516129032,0.5604838709677419,0.37298387096774194,0.9596774193548387,0.6395161290322581
2026-09-24,601318,中国平安,156.53,156.77,155.23,155.43,54045900.0,2886593400.0000005,-0.00791472521861225,-0.01620355718716371,0.0070623299209537915,0.15198097862548096,0.8552984058671117,24.39335887611749,0.1656435506500839,2.0428571428571445,0.013143261550904874,0.3064516129032258,0.43951612903225806,0.9556451612903226,0.3951612903225806,0.06451612903225806,0.1592741935483871,0.9657258064516129,0.5457661290322582
2026-09-24,601328,交通银行,15.15,15.22,15.11,15.16,136022800.0,1030463900.0,0.0033090668431503545,0.056445993031359,0.04027996980717763,0.11187591802756323,0.8239531741094672,58.65384615384612,0.728782861675393,0.16642857142857131,0.01097813795702977,0.39919354838709675,0.5625,0.9798387096774194,0.3689516129032258,0.8608870967741935,0.6915322580645161,0.9818548387096774,0.7013104838709676
2026-09-24,601398,工商银行,13.15,13.28,13.14,13.18,267589000.0,2182889700.0,0.003044140030441289,0.05608974358974361,0.02805439276149868,0.10859548726435482,0.9677372398590683,50.0,0.6134656646408743,0.15142857142857125,0.011489269455885527,0.39314516129032256,0.5221774193548387,0.9818548387096774,0.5201612903225806,0.7953629032258065,0.5665322580645161,0.9758064516129032,0.6921370967741935
2026-09-24,601579,会稽山,39.6,41.46,39.26,40.0,55675900.0,2130961099.9999998,0.03332472229398076,1.0161290322580645,0.8576714088889577,0.7941644311414566,1.7795340748498127,82.77803847958704,0.9516451506735365,2.7764285714285717,0.0694107142857143,0.8991935483870968,0.9959677419354839,0.12298387096774188,0.8870967741935484,0.10685483870967742,0.8971774193548387,0.10080645161290325,0.5678427419354839
2026-09-24,601600,中国铝业,10.08,10.1,9.89,9.9,145907200.0,1305362000.0,-0.023668639053254448,-0.2111553784860558,-0.034930950446791176,0.2872774191711333,0.8704337925932603,34.50980392156863,0.01499787438340514,0.28357142857142836,0.02864357864357862,0.1028225806451613,0.2721774193548387,0.842741935483871,0.4173387096774194,0.2157258064516129,0.06048387096774194,0.8346774193548387,0.44354838709677435
2026-09-24,601601,中国太保,45.72,45.72,44.92,45.0,43212400.0,1343094800.0,-0.015963262628471364,-0.12383177570093462,-0.01051057654250398,0.1858133029755739,1.1135613597888037,17.41682974559697,0.001054368893774616,0.7557142857142851,0.01679365079365078,0.17943548387096775,0.3689516129032258,0.9334677419354839,0.6330645161290323,0.018145161290322582,0.04838709677419355,0.935483870967742,0.5137096774193548
2026-09-24,601609,金田股份,13.47,13.52,12.53,12.63,66965900.0,808176600.0,-0.06858407079646012,0.2063037249283668,0.022037601488954284,0.41128839301995707,1.4714572119660945,29.781420765027363,-0.3165919172109092,0.5728571428571428,0.045356860083700934,0.5181451612903226,0.49798387096774194,0.6794354838709677,0.7883064516129032,0.14516129032258066,0.0020161290322580645,0.5544354838709677,0.5147177419354839
2026-09-24,601628,中国人寿,47.22,47.23,45.99,46.06,24730100.0,934779900.0,-0.024772390429811497,0.038088798737886176,-0.01966626936829563,0.19412850402579218,0.8802734994787969,35.10273972602741,0.16930397165523248,0.8321428571428561,0.018066497115563525,0.3689516129032258,0.32661290322580644,0.9274193548387096,0.42943548387096775,0.22580645161290322,0.16129032258064516,0.9254032258064516,0.5348790322580645
2026-09-24,601658,邮储银行,6.98,7.05,6.97,6.99,125178700.0,669107899.9999999,0.0014326647564468775,0.03555555555555556,0.027790030877812066,0.20518787737673852,0.626419692541735,36.36363636363639,0.39482114768046805,0.08999999999999986,0.012875536480686674,0.3649193548387097,0.5181451612903226,0.9173387096774194,0.11290322580645161,0.2701612903225806,0.34475806451612906,0.969758064516129,0.5687500000000001
2026-09-24,601668,中国建筑,9.85,9.85,9.8,9.82,151751700.0,645742800.0,-0.003045685279187804,-0.06653992395437258,-0.025423027937211407,0.09312574351080084,0.7377766306242713,30.00000000000007,0.15993991988644324,0.0799999999999997,0.008146639511201597,0.25,0.3165322580645161,0.9899193548387096,0.2842741935483871,0.15120967741935484,0.15120967741935484,0.9919354838709677,0.5145161290322581
2026-09-24,601689,拓普集团,102.18,106.32,100.9,103.38,37515700.0,1765757600.0,0.011348072784191032,-0.1925960637300843,-0.044261532250857494,0.3361554613160727,1.7209660350076907,52.804141501294204,0.6591057916430506,3.7678571428571437,0.03644667385236162,0.12096774193548387,0.23387096774193547,0.7862903225806451,0.8729838709677419,0.9112903225806451,0.6330645161290323,0.7237903225806452,0.5525201612903226
2026-09-24,601857,中国石油,15.98,16.33,15.97,16.24,158043600.0,1722180100.0,0.014999999999999902,-0.0519556333917105,0.0291508238276299,0.1377381863556788,1.293050909651721,51.21951219512193,0.5909499583409724,0.2878571428571422,0.0177251935256861,0.27419354838709675,0.5282258064516129,0.969758064516129,0.7157258064516129,0.8487903225806451,0.5262096774193549,0.9294354838709677,0.6893145161290323
2026-09-24,601872,招商轮船,30.0,30.49,29.74,29.94,115008500.0,2425085600.0,0.00672494956287828,0.0816473988439308,0.15672891178364456,0.6533160976123137,0.7894041513343393,58.43773028739868,0.6469811782766354,1.9799999999999993,0.06613226452905809,0.42943548387096775,0.8145161290322581,0.24596774193548387,0.3286290322580645,0.8709677419354839,0.6229838709677419,0.13709677419354838,0.4889112903225806
2026-09-24,601888,中国中免,123.89,124.47,122.43,122.81,12431900.0,642246900.0,-0.011748611893457772,-0.22756148185420466,-0.03421646574028203,0.1742038192171027,0.6508130910179795,24.758842443730018,0.2505311034561925,1.8028571428571414,0.014680051647725277,0.0846774193548387,0.2762096774193548,0.9375,0.15120967741935484,0.06854838709677419,0.22580645161290322,0.9536290322580645,0.44556451612903225
2026-09-24,601899,紫金矿业,51.29,51.33,49.79,49.82,214514000.0,6507041500.0,-0.040446841294298985,-0.06493993993993996,-0.04981388533047659,0.32062134061737424,1.1170931726914113,30.656370656370683,0.0026145956710042057,1.5550000000000008,0.031212364512244094,0.2560483870967742,0.2157258064516129,0.8125,0.6350806451612904,0.16129032258064516,0.05040322580645161,0.8044354838709677,0.4576612903225807
2026-09-24,601939,建设银行,17.15,17.4,17.13,17.31,122231800.0,1340918400.0,0.00932944606413999,0.10961538461538445,0.03285731333784159,0.135664068046467,1.204127902054016,50.0,0.6278064762257457,0.24785714285714253,0.014318725757200609,0.4495967741935484,0.5443548387096774,0.9737903225806451,0.6875,0.7953629032258065,0.592741935483871,0.9556451612903226,0.7195564516129033
2026-09-24,601949,中国出版,6.98,7.15,6.72,6.73,94353600.0,553160200.0,-0.05742296918767498,-0.06005586592178769,0.04703624954623242,0.8566007143995911,1.0899454262563668,48.846153846153854,0.3636956867686898,0.539285714285714,0.08013160687752065,0.2661290322580645,0.5887096774193549,0.092741935483871,0.6129032258064516,0.7298387096774194,0.3064516129032258,0.048387096774193505,0.36250000000000004
2026-09-24,601958,金钼股份,29.04,29.16,27.88,27.96,34112900.0,681090600.0,-0.04115226337448552,0.06473724295506478,-0.07757274506785139,0.30031357569014877,1.166552506301618,37.41830065359479,0.11029917993090715,0.786428571428572,0.028126916002452505,0.4153225806451613,0.14112903225806453,0.8326612903225806,0.6633064516129032,0.29838709677419356,0.11693548387096774,0.8387096774193549,0.4919354838709678
2026-09-24,601988,中国银行,10.84,10.96,10.83,10.88,236386400.0,1569396700.0000002,0.004616805170821747,0.08800000000000008,0.052801341805631896,0.16825620969862962,0.9615510205891348,53.40909090909092,0.6725115630564685,0.16071428571428573,0.014771533613445378,0.4334677419354839,0.6048387096774194,0.9455645161290323,0.5141129032258065,0.9354838709677419,0.6451612903225806,0.9516129032258065,0.7253024193548386
2026-09-24,601995,中金公司,33.53,33.54,32.36,32.36,34969700.0,1099098900.0,-0.0479552809649898,-0.04542772861356925,-0.1042586466997909,0.2643948646415984,1.5900124355771177,18.831168831168853,-0.048836925410094593,0.8085714285714286,0.024986756136323503,0.2862903225806452,0.06854838709677419,0.872983870967742,0.8326612903225806,0.024193548387096774,0.02620967741935484,0.8850806451612904,0.45443548387096777
2026-09-24,603002,宏昌电子,31.53,32.2,30.3,30.54,69259900.0,1346395900.0,-0.043233082706766957,0.8747697974217312,0.149618550491869,0.5450204066174814,0.7707302362381723,82.21052631578945,0.7254264857805003,1.8407142857142862,0.0602722424922818,0.8709677419354839,0.8044354838709677,0.44556451612903225,0.31048387096774194,0.11895161290322581,0.6895161290322581,0.22580645161290325,0.5321572580645162
2026-09-24,603011,合锻智能,54.62,55.02,52.58,52.7,29210500.0,768006000.0,-0.040422432629278915,0.26378896882493996,0.09770322437303869,0.6322284930205951,0.5710561777895597,60.18202502844143,0.3591462287230401,3.059999999999999,0.05806451612903224,0.5604838709677419,0.7056451612903226,0.2963709677419355,0.07459677419354839,0.7862903225806451,0.2963709677419355,0.280241935483871,0.4627016129032258
2026-09-24,603019,中科曙光,332.88,334.1,328.92,329.2,12994300.0,1074056300.0,-0.015579677641218925,0.056211498973305796,-0.07251494391044455,0.20301308701185355,0.5849104334377031,47.19008264462808,0.272175740721564,6.174999999999991,0.018757594167679196,0.3951612903225806,0.15120967741935484,0.9213709677419355,0.07862903225806452,0.6612903225806451,0.2318548387096774,0.9193548387096774,0.5048387096774194
2026-09-24,603039,泛微网络,169.93,171.13,161.76,161.94,18584000.0,678070600.0,-0.056128693827592224,-0.0277961217506153,-0.04843889096181486,0.5285937266905081,1.1212715789270449,35.854715094968356,0.2481584682499888,6.465714285714284,0.039926604209672006,0.29838709677419356,0.21975806451612903,0.4717741935483871,0.6391129032258065,0.25201612903225806,0.22379032258064516,0.6633064516129032,0.3938508064516129
2026-09-24,603065,宿迁联盛,15.74,16.91,15.36,16.91,44411600.0,704826100.0,0.09591704471808171,0.9685681024447033,-0.0009649658323324095,0.6285105227835,1.790001062031721,68.3206106870229,0.8141323231056335,0.7735714285714286,0.045746388443017656,0.8891129032258065,0.40524193548387094,0.3004032258064516,0.8891129032258065,0.43548387096774194,0.7883064516129032,0.5423387096774194,0.5479838709677419
2026-09-24,603067,振华股份,112.2,119.86,111.62,114.63,59696400.0,2457828100.0,0.025221357660316635,0.2940844434409573,0.15007031384555702,0.633101967008725,1.7006765511276423,64.61496746203905,1.094167206796455,6.247857142857138,0.05450455502797818,0.5866935483870968,0.8064516129032258,0.2943548387096774,0.8669354838709677,0.592741935483871,0.9657258064516129,0.3588709677419355,0.5965725806451613
2026-09-24,603087,甘李药业,109.55,111.64,107.86,108.07,10264600.0,762928000.0,-0.014319591390003716,0.14736171568107004,0.06127860159088683,0.3547025274823053,1.5310335363852776,60.34482758620688,0.9770943328646877,2.8407142857142866,0.026285872913059005,0.47580645161290325,0.6350806451612904,0.7620967741935484,0.8104838709677419,0.7721774193548387,0.9193548387096774,0.8709677419354839,0.7174395161290323
2026-09-24,603099,长白山,41.59,43.06,40.59,42.45,16485800.0,686525600.0,0.0308402136959689,0.19208087615838254,0.09180694692712299,0.44080422308755485,1.8328420235773095,62.07407407407408,0.9591046633451671,1.7478571428571412,0.041174490997812514,0.5080645161290323,0.6935483870967742,0.6451612903225806,0.8951612903225806,0.6854838709677419,0.905241935483871,0.6451612903225806,0.6787298387096775
2026-09-24,603115,海星股份,80.29,84.68,79.43,84.1,12047300.0,932690900.0,0.028117359413202925,0.7575757575757573,-0.015743039883278076,0.6447709729484992,1.0173013770001207,51.73667205169629,0.33427924525754604,7.273571428571428,0.086487175131646,0.8306451612903226,0.3528225806451613,0.2681451612903226,0.5645161290322581,0.8770161290322581,0.2782258064516129,0.030241935483870996,0.42903225806451617
2026-09-24,603118,共进股份,43.09,44.23,42.52,42.61,65837600.0,1185661000.0,-0.028942570647219723,0.3232919254658384,0.09488019528489766,0.6667527152763667,0.7496922238402505,58.75796178343948,0.5813394434333896,2.2357142857142835,0.05246923927984707,0.6088709677419355,0.6995967741935484,0.22580645161290325,0.29435483870967744,0.8508064516129032,0.5161290322580645,0.40120967741935487,0.5118951612903226
2026-09-24,603119,浙江荣泰股份,94.51,97.54,93.97,96.02,16048300.0,907865399.9999999,-0.0033215694415612562,0.033139659995696125,0.06104918854010877,0.5256244043499487,1.372697280916118,75.71566420070761,0.8333836777933509,4.510714285714287,0.04697682030529356,0.3588709677419355,0.6330645161290323,0.47782258064516125,0.7540322580645161,0.21169354838709678,0.8064516129032258,0.5241935483870968,0.5231854838709677
2026-09-24,603124,江南新材,145.06,145.8,132.03,132.65,10882200.0,1470116600.0,-0.09037920866762672,0.2942726119621428,0.010662816522603702,0.7399411041322668,1.8259751177289327,59.915080987576665,0.6406978234672508,9.22571428571429,0.06954929729147598,0.5887096774193549,0.44556451612903225,0.15322580645161288,0.8931451612903226,0.8004032258064516,0.6129032258064516,0.09879032258064513,0.4451612903225807
2026-09-24,603127,昭衍新药,376.77,382.57,357.12,357.5,41845400.0,2002386800.0,-0.02824213759547689,0.26885536823425027,0.005352977321205321,0.3824225224410085,1.3433133601180192,62.884348343582644,0.7459758098248807,15.812857142857151,0.044231768231768255,0.5685483870967742,0.42943548387096775,0.7258064516129032,0.7399193548387096,0.6532258064516129,0.7036290322580645,0.5745967741935484,0.5984879032258064
2026-09-24,603179,新泉股份,141.22,146.79,140.09,142.45,20048400.0,836912400.0,0.008924144769459463,-0.11991844804151752,0.012262745367420669,0.49756140357446776,1.0206703513855369,56.07085987261145,0.7699449707300117,6.705000000000001,0.04706914706914708,0.18548387096774194,0.4536290322580645,0.5403225806451613,0.5665322580645161,0.9495967741935484,0.7358870967741935,0.5221774193548387,0.5160282258064517
2026-09-24,603228,景旺电子,217.79,223.89,210.91,211.01,23779100.0,2529380300.0,-0.03494168762863026,0.8648696420680511,0.17049061201924087,0.6488875798538924,0.634222732357879,58.63375290235854,0.5301782667193297,12.647142857142859,0.05993622509427449,0.8669354838709677,0.8266129032258065,0.25604838709677424,0.12701612903225806,0.8629032258064516,0.4576612903225806,0.23790322580645162,0.5454637096774193
2026-09-24,603236,移远通信,309.16,309.2,299.22,299.94,11268900.0,828307400.0,-0.024553644020943843,0.4051344514194697,0.27304135241013716,0.5547863121418811,0.673486054878036,68.56228896392395,0.7818348957037742,12.474285714285713,0.04158927023499938,0.6512096774193549,0.9012096774193549,0.43145161290322576,0.17943548387096775,0.4274193548387097,0.7479838709677419,0.6310483870967742,0.6020161290322581
2026-09-24,603256,宏和科技,158.36,163.3,152.45,152.45,26097400.0,4097434400.0,-0.03052464228934826,1.2177771312190866,-0.008187575833477179,0.6336232475955957,1.0732021456311798,84.21857923497268,0.7964038773213146,9.203571428571426,0.060371081853535104,0.9274193548387096,0.37701612903225806,0.29032258064516125,0.5987903225806451,0.08266129032258064,0.7681451612903226,0.22177419354838712,0.4312499999999999
2026-09-24,603259,药明康德,408.59,412.75,398.0,398.24,34691900.0,5706524900.0,-0.03172943665053862,0.5675037392741873,0.11106667869441855,0.3211715217553109,1.0277517776184275,61.699164345403915,0.717477725618631,12.352857142857138,0.031018624806290522,0.7560483870967742,0.7399193548387096,0.810483870967742,0.5725806451612904,0.6995967741935484,0.6794354838709677,0.8064516129032258,0.742641129032258
2026-09-24,603296,华勤技术,161.21,163.76,159.02,159.08,11435700.0,916759900.0,-0.009464508094644941,0.2502357749135493,-0.0021379472569977853,0.33182450350328135,0.8005432300134583,61.02914717524293,0.6030206481078574,4.424285714285714,0.02781170300657351,0.5564516129032258,0.3971774193548387,0.7943548387096774,0.34475806451612906,0.7338709677419355,0.5483870967741935,0.8407258064516129,0.6030241935483871
2026-09-24,603306,华懋科技,167.3,168.29,160.79,161.68,8699000.0,702649600.0000001,-0.03910614525139655,-0.032146064052678835,0.056309732383676536,0.41463586889003085,0.8782207020414922,67.46031746031747,0.6158333857493838,7.743571428571428,0.047894429914469495,0.29435483870967744,0.6169354838709677,0.6774193548387097,0.4274193548387097,0.47580645161290325,0.5745967741935484,0.5060483870967742,0.5288306451612903
2026-09-24,603308,应流股份,57.13,57.53,55.69,55.94,22576400.0,886647500.0,-0.029156542867060042,-0.37934095195828244,-0.1531577446807436,0.5569975687459863,0.8631316718903763,36.261079774375496,-0.020272859375237033,3.1592857142857134,0.05647632667654118,0.028225806451612902,0.014112903225806451,0.42741935483870963,0.4032258064516129,0.26411290322580644,0.04032258064516129,0.31854838709677424,0.2097782258064516
2026-09-24,603328,依顿电子,39.89,40.07,37.45,38.01,82644900.0,1193147900.0,-0.04712960641764863,0.20094786729857828,0.20813688615775816,0.5873445492228656,1.631231654913113,70.58823529411764,0.8102946387316136,2.0057142857142862,0.052768068553388225,0.5141129032258065,0.8770161290322581,0.3729838709677419,0.8487903225806451,0.36189516129032256,0.782258064516129,0.3911290322580645,0.5898185483870968
2026-09-24,603466,风语筑,56.9,57.6,54.76,54.93,53120700.0,654017800.0,-0.04152852905252147,0.28161455902939814,0.034892045668638794,0.5695554329679124,0.6489641388510847,47.77045366421093,0.3386615992324406,3.262142857142856,0.05938727211255882,0.5766129032258065,0.5524193548387096,0.407258064516129,0.14717741935483872,0.6814516129032258,0.28225806451612906,0.2540322580645161,0.4411290322580645
2026-09-24,603538,美诺华,66.22,67.89,64.23,64.25,34857900.0,948429800.0,-0.03586434573829533,-0.10924719256897264,-0.062157888334752553,0.5583580690047262,0.9075314023220249,47.20920323817639,0.4808065310240745,2.920714285714286,0.045458588104502505,0.19959677419354838,0.1774193548387097,0.4233870967741935,0.4576612903225806,0.6653225806451613,0.41935483870967744,0.5504032258064516,0.3747983870967742
2026-09-24,603580,艾艾精工,156.5,160.26,142.97,155.77,11711700.0,921621100.0,0.015052782484034966,3.4735784032165427,0.3728039059298396,0.9044966038342687,1.2065136096820253,62.06644760861629,0.7421053313384905,11.765714285714285,0.0755326075991159,0.9979838709677419,0.9415322580645161,0.0625,0.6895161290322581,0.6875,0.7016129032258065,0.07056451612903225,0.5809475806451613
2026-09-24,603588,高能环境,113.14,115.26,111.9,113.89,50801600.0,877003800.0,-0.005501222493887514,0.12229010642491134,0.18442330991664635,0.4517081790921467,0.9934756325018614,72.47756323089476,1.0064150981456284,4.388571428571429,0.03853342197358353,0.4637096774193548,0.8508064516129032,0.625,0.5443548387096774,0.3004032258064516,0.9354838709677419,0.6814516129032258,0.6407258064516128
2026-09-24,603598,引力传媒,38.29,38.53,36.61,36.69,33005100.0,613895000.0,-0.044780005206977336,-0.05462509662458137,0.06563011298177002,0.5993761231580292,1.4842097736749966,45.56521739130434,0.6166408726622779,1.6214285714285717,0.04419265662111125,0.2721774193548387,0.6451612903225806,0.3588709677419355,0.7903225806451613,0.6008064516129032,0.5766129032258065,0.5766129032258065,0.5283266129032259
2026-09-24,603618,杭电股份,114.56,115.04,110.57,110.99,42762100.0,1568941600.0,-0.03621048975338659,0.29691516709511556,0.11636936044377166,0.7284616179661153,0.3882313042238009,49.707291112293774,0.25586896255276004,8.989285714285714,0.08099185254784859,0.592741935483871,0.7479838709677419,0.16330645161290325,0.006048387096774193,0.780241935483871,0.22983870967741934,0.0463709677419355,0.4056451612903226
2026-09-24,603626,科森科技,46.73,47.67,45.16,45.37,53813400.0,1237709600.0,-0.0158351409978309,-0.004825619653432867,0.28462620218398693,1.0007225653134055,1.1597790502955838,64.62341049885882,0.7867409402050812,2.9692857142857148,0.06544601530274884,0.3225806451612903,0.905241935483871,0.03427419354838712,0.657258064516129,0.5907258064516129,0.7600806451612904,0.14717741935483875,0.4664314516129033
2026-09-24,603629,利通电子,303.58,304.37,292.04,292.29,18899400.0,2029924300.0,-0.05054409615072275,1.445327532836945,-0.07239511459522863,0.4820969745215423,0.7129582387486243,46.49760964456456,0.1920844944839003,15.040000000000004,0.0514557460056793,0.9596774193548387,0.1532258064516129,0.5745967741935484,0.25,0.6310483870967742,0.18346774193548387,0.42943548387096775,0.4588709677419355
2026-09-24,603650,彤程新材,71.36,72.91,71.08,71.69,13241500.0,916064100.0,-0.007613510520487199,0.39664913306058835,0.02777432642957489,0.5275152973366408,0.6853319096882481,72.46489859594382,0.6754258071399125,3.5064285714285717,0.04891098579200128,0.6391129032258065,0.5161290322580645,0.47580645161290325,0.1975806451612903,0.3024193548387097,0.6512096774193549,0.47379032258064513,0.4736895161290323
2026-09-24,603663,三祥新材,180.84,195.24,178.45,186.87,32856300.0,1586731099.9999998,0.02529353670580492,0.6513785790031814,0.1096672542163537,0.6690924195330562,1.3425818189619154,71.04513584574933,0.8828526355766622,11.172857142857152,0.05978946402770457,0.7923387096774194,0.7358870967741935,0.219758064516129,0.7379032258064516,0.3528225806451613,0.8467741935483871,0.23991935483870963,0.5341733870967742
2026-09-24,603667,五洲新春,66.72,71.09,65.86,67.89,24698800.0,1268668300.0,0.018757503001200382,-0.2322741151193034,-0.0544590193616078,0.4035544618619415,1.9389491797924987,56.747404844290664,0.6171998678505144,2.9900000000000007,0.0440418323759022,0.08064516129032258,0.2056451612903226,0.6975806451612903,0.9032258064516129,0.9294354838709677,0.5786290322580645,0.5826612903225806,0.5026209677419354
2026-09-24,603678,火炬电子,130.13,132.38,125.88,126.0,14323500.0,700531900.0,-0.036918138041733606,0.485323588353177,-0.03328887655636015,0.4076450461029381,0.665489799516755,65.76194515125812,0.5216369636602082,6.310714285714286,0.050085034013605444,0.7056451612903226,0.28225806451612906,0.689516129032258,0.1693548387096774,0.5443548387096774,0.44556451612903225,0.4516129032258065,0.4757056451612903
2026-09-24,603690,至纯科技,29.71,30.84,29.66,29.99,22901400.0,561378000.0,0.0023395721925132396,0.028111073020226085,-0.04173057259713708,0.34088519033414727,1.3253489317559366,60.13400335008374,0.6246608043462317,1.1414285714285712,0.03806030581622445,0.3528225806451613,0.24193548387096775,0.7782258064516129,0.7318548387096774,0.7923387096774194,0.5866935483870968,0.6955645161290323,0.5551411290322581
2026-09-24,603738,泰晶科技,181.79,188.27,179.92,180.86,28880100.0,1108979000.0,-0.01093732910423273,0.5062879986674442,0.013953114619608797,0.458714853686417,1.0914442293015103,67.41309447643424,0.6528054422638252,8.23428571428572,0.04552850665866261,0.7237903225806451,0.4657258064516129,0.6048387096774194,0.6169354838709677,0.4778225806451613,0.6310483870967742,0.5483870967741935,0.5692540322580645
2026-09-24,603757,大元泵业,147.08,154.6,144.04,144.92,9881100.0,696017200.0,-0.024436216762033114,0.5786492374727668,0.028752345548722413,0.6242815093899974,0.9276364520541387,40.478905359178995,0.47188984652345717,7.182142857142858,0.049559362801151384,0.7580645161290323,0.5262096774193549,0.31854838709677424,0.48185483870967744,0.38306451612903225,0.4092741935483871,0.4576612903225806,0.48457661290322585
2026-09-24,603799,华友钴业,91.75,92.08,90.61,90.61,25983600.0,926107300.0,-0.01926615434570844,-0.3758352276641179,-0.1030577800655309,0.21963648377491674,0.6952592324818212,28.600682593856604,0.22360150516723123,2.027142857142859,0.02237217588724047,0.03024193548387097,0.07459677419354839,0.9092741935483871,0.21774193548387097,0.1310483870967742,0.2056451612903226,0.8971774193548387,0.38477822580645166
2026-09-24,603803,瑞斯康达,13.91,14.07,13.04,13.08,75532700.0,954249299.9999999,-0.03894195444526083,-0.06571428571428573,0.1327290572137867,0.45724222575573104,3.4351446900078066,69.25,0.9586875686325712,0.6135714285714288,0.04690913062472697,0.25201612903225806,0.7842741935483871,0.6088709677419355,0.9858870967741935,0.39314516129032256,0.9032258064516129,0.5282258064516129,0.6179435483870968
2026-09-24,603823,百合花,89.28,92.45,85.39,85.39,32551300.0,1505987800.0,-0.09716641996193698,1.8340524394291404,-0.2940787434122145,0.8667414359292913,1.524473258153967,40.79437318990485,-0.0804273995807217,7.741428571428569,0.0906596623893731,0.9758064516129032,0.0020161290322580645,0.08870967741935487,0.8064516129032258,0.3951612903225806,0.018145161290322582,0.022177419354838745,0.2890120967741936
2026-09-24,603920,世运电路,66.06,68.34,64.92,64.92,41364600.0,1936236700.0000002,-0.009157509157509125,-0.0654958975097164,0.16389974541934094,0.43276066603482116,1.2976614418282695,85.10158013544022,0.8196554345129926,3.1100000000000003,0.047905113986444856,0.2540322580645161,0.8205645161290323,0.655241935483871,0.717741935483871,0.07459677419354839,0.7923387096774194,0.5040322580645161,0.56875
2026-09-24,603936,博敏电子,43.9,45.18,42.16,42.36,44125800.0,964092300.0,-0.040760869565217295,0.6664044059795435,0.22826517692315118,0.7044093980374737,0.6656251675817684,75.72624322993599,0.6747830532843253,2.7342857142857135,0.06454876568191015,0.8024193548387096,0.8870967741935484,0.18951612903225812,0.17137096774193547,0.20967741935483872,0.6491935483870968,0.16935483870967738,0.47600806451612904
2026-09-24,603938,三孚股份,128.97,130.5,123.88,123.93,24124500.0,1182072500.0,-0.06658130601792578,0.8900411773676988,0.057922682495148425,0.7701714898882456,0.8660629648902465,65.53841759497286,0.5580237794994528,8.750714285714285,0.07061013705893879,0.8770161290322581,0.6209677419354839,0.12903225806451613,0.40725806451612906,0.5504032258064516,0.4879032258064516,0.08467741935483875,0.4454637096774194
2026-09-24,603989,艾华集团,72.5,73.13,69.17,69.34,22002900.0,699918200.0000001,-0.05634186173108324,0.6805622879301989,-0.013323594002722428,0.6621378792978639,0.6054472337666251,48.80679960771496,0.3011650141337883,4.609285714285713,0.06647369071655196,0.8064516129032258,0.3629032258064516,0.2338709677419355,0.09274193548387097,0.7278225806451613,0.25201612903225806,0.13306451612903225,0.37308467741935475
2026-09-24,603991,领先股份,188.65,189.17,172.83,176.16,6174400.0,1093343800.0,-0.05208781747739999,0.734370384956188,0.20628754098622593,0.6212383442521003,1.5055509632804938,61.314071398805375,0.6279955192666442,9.989285714285714,0.056705754508888026,0.8185483870967742,0.875,0.3306451612903226,0.8004032258064516,0.719758064516129,0.594758064516129,0.3145161290322581,0.6365927419354841
2026-09-24,603993,洛阳钼业,56.76,56.76,55.38,55.56,150553200.0,2582281400.0,-0.030366492146596813,-0.01331912626531695,-0.0730344108446298,0.27885323743728657,0.9527099814704854,34.63949843260191,0.07445912906028912,1.6028571428571428,0.028849120641777228,0.3084677419354839,0.14919354838709678,0.8528225806451613,0.5020161290322581,0.21774193548387097,0.08870967741935484,0.8306451612903226,0.4551411290322581
2026-09-24,605006,山东玻纤,20.6,20.88,19.62,19.66,36506700.0,591096800.0,-0.054353054353054264,0.6356073211314477,0.044892463593522836,0.7982096629191641,0.5403664388638372,56.77233429394813,0.37342820089938666,1.6800000000000002,0.08545269582909462,0.782258064516129,0.5766129032258065,0.12096774193548387,0.05443548387096774,0.9274193548387096,0.3245967741935484,0.032258064516129004,0.4049395161290322
2026-09-24,605058,澳弘电子,60.1,62.55,58.8,62.3,22288400.0,1319514300.0,0.02635914332784184,0.8016194331983806,0.9357745428558111,0.7284127890507697,1.9853833583713878,96.16361071932299,0.9925363165116555,3.5735714285714297,0.05736069708782392,0.8548387096774194,0.9979838709677419,0.16532258064516125,0.9092741935483871,0.012096774193548387,0.9274193548387096,0.3004032258064516,0.5943548387096774
2026-09-24,605111,新洁能,239.29,243.14,232.99,233.15,11734100.0,711787500.0,-0.042269142293788975,0.5958247775496237,0.011134112422442888,0.4988894473337208,0.9054536643784878,63.167323539949855,0.7072770850118325,11.106428571428571,0.04763640819827824,0.7641129032258065,0.4475806451612903,0.5362903225806452,0.4495967741935484,0.6471774193548387,0.6693548387096774,0.5120967741935484,0.5537298387096774
2026-09-24,605117,德业股份,579.72,582.97,563.4,567.0,16649100.0,1286813300.0,-0.018436769670215458,-0.10968045850671271,-0.11369043463037098,0.36554434868342944,1.320077401154357,28.545590619932625,-0.06501658545953252,19.791428571428558,0.0349055177626606,0.1975806451612903,0.05443548387096774,0.7540322580645161,0.7298387096774194,0.12903225806451613,0.020161290322580645,0.75,0.3934475806451613
2026-09-24,605179,一鸣食品,26.28,26.79,24.78,24.78,28006500.0,697878700.0,-0.09858130229174233,0.4176201372997712,0.03673332775499971,0.9726188839570444,1.2717099757477621,37.07932692307694,0.20095885344328895,2.2657142857142856,0.09143318344286866,0.6673387096774194,0.5544354838709677,0.04233870967741937,0.7096774193548387,0.28830645161290325,0.19153225806451613,0.020161290322580627,0.35957661290322585
2026-09-24,605358,立昂微,72.7,77.23,72.7,73.17,73272100.0,3616228100.0,0.0063265025443544065,0.4914390542193232,0.058134490238611614,0.5044005333426234,2.2309253660087904,80.1492537313433,0.9646827749969815,2.9492857142857125,0.04030730783498308,0.7076612903225806,0.6229838709677419,0.5282258064516129,0.9354838709677419,0.14919354838709678,0.9112903225806451,0.657258064516129,0.6201612903225806
2026-09-24,605366,宏柏新材,16.78,17.95,16.51,17.64,73311700.0,666908200.0000001,0.05125148986889161,-0.15517241379310343,0.09997921430056134,0.3787093671289403,2.971692558760098,76.6519823788546,1.1819059933626614,0.772142857142857,0.043772270813087134,0.1431451612903226,0.717741935483871,0.7318548387096775,0.969758064516129,0.1935483870967742,0.9879032258064516,0.5887096774193548,0.6013104838709677
2026-09-24,605376,博迁新材,139.05,142.95,134.53,134.54,12350700.0,1677133500.0,-0.04364515211828268,0.4013123632954898,-0.14439160163185016,0.3962731830923766,1.0454751690441766,49.69966048576649,0.2400752161797599,6.889285714285707,0.05120622650725217,0.6471774193548387,0.02217741935483871,0.7157258064516129,0.5806451612903226,0.7762096774193549,0.21370967741935484,0.4334677419354839,0.4571572580645161
2026-09-24,605488,福莱新材,65.3,71.02,64.51,67.42,16634000.0,543152900.0,0.037709712174849974,0.0059683676514474815,0.13255089927654717,0.5185241716324389,2.125035211784913,72.61744966442953,1.0982700886497363,3.467142857142854,0.05142602873246594,0.3286290322580645,0.782258064516129,0.49193548387096775,0.9254032258064516,0.2963709677419355,0.967741935483871,0.43145161290322576,0.5785282258064516
2026-09-24,605577,龙版传媒,16.2,17.56,15.97,17.12,40007100.0,656170600.0,0.03631961259079919,0.2843210802700675,0.4745273674691013,1.1781139579321966,1.3056591421285746,63.1236442516269,0.701199934071305,1.6085714285714279,0.09395861148197591,0.5786290322580645,0.9637096774193549,0.0020161290322581182,0.719758064516129,0.6491935483870968,0.6653225806451613,0.012096774193548376,0.5001008064516129
2026-09-24,605589,圣泉集团,43.25,44.35,42.31,42.31,27159500.0,1110483400.0,-0.0264611136677404,0.362202189311011,-0.03038775323127696,0.3670790489195183,0.9394664278985156,66.59793814432987,0.614952735359166,1.712857142857143,0.04048350609447277,0.625,0.2963709677419355,0.75,0.4879032258064516,0.5161290322580645,0.5725806451612904,0.6532258064516129,0.544858870967742
2026-09-24,688001,苏州华兴源创科技,70.51,72.06,68.48,68.65,12232172.0,838076000.0,-0.044138123085491365,1.038907038907039,0.18615319489599935,0.9999901019483067,0.9426926637743729,72.13953488372093,0.6443248246364554,5.644285714285716,0.08221829154094269,0.9032258064516129,0.8548387096774194,0.03629032258064513,0.49193548387096775,0.3165322580645161,0.6189516129032258,0.03830645161290325,0.473991935483871
2026-09-24,688002,睿创微纳,185.4,187.73,179.93,180.38,7162033.0,1301768700.0,-0.028072633223772847,0.764452704685513,0.10458037315359792,0.5783316192575629,0.6852182055457816,48.45244794597638,0.41626272055709784,7.259999999999997,0.040248364563698846,0.8346774193548387,0.7237903225806451,0.3891129032258065,0.19556451612903225,0.7076612903225806,0.3649193548387097,0.6592741935483871,0.5914314516129032
2026-09-24,688028,沃尔德金刚石,186.49,189.99,174.73,174.73,11501533.0,1455211099.9999998,-0.056991742673646706,0.37864920309294625,0.20441981333664194,0.806620348983692,1.1085458762633396,66.49750963255332,0.6772787228819889,14.189285714285715,0.08120692333477775,0.6350806451612904,0.8729838709677419,0.11290322580645162,0.625,0.5181451612903226,0.655241935483871,0.04435483870967738,0.48981854838709676
2026-09-24,688035,德邦科技股份,82.64,83.49,78.84,79.58,9579412.0,768570900.0,-0.07010983874737087,0.45697546686195545,0.12292749464970254,0.7405063091106894,1.291130915252964,67.07233065442021,0.7110047279460225,5.325714285714286,0.06692277313036298,0.6915322580645161,0.7560483870967742,0.15120967741935487,0.7137096774193549,0.49798387096774194,0.6754032258064516,0.12701612903225812,0.49697580645161293
2026-09-24,688079,美迪凯股份,17.88,18.48,17.52,17.69,28925799.0,514363500.0,-0.030153508771929682,0.4197431781701444,0.06447633661281094,0.5086347273158757,2.0334796837036264,71.31410256410261,0.8994723948992854,1.0171428571428573,0.05749818299281274,0.6713709677419355,0.6431451612903226,0.5181451612903225,0.9153225806451613,0.3467741935483871,0.8548387096774194,0.2983870967741935,0.5788306451612903
2026-09-24,688110,东芯股份,121.81,122.31,118.94,119.04,9744794.0,1168988100.0,-0.03188028627195827,0.12737948669381582,-0.028980758799114104,0.43926818380395355,0.7117806504668832,58.36463449869981,0.6395254042222164,5.050714285714286,0.04242871543778802,0.4657258064516129,0.3024193548387097,0.6512096774193548,0.24798387096774194,0.8729838709677419,0.6088709677419355,0.6149193548387097,0.5104838709677418
2026-09-24,688112,鼎阳科技,177.09,186.15,174.25,178.82,11261661.0,1329709300.0,0.017815470430872615,1.8749196141479096,0.7704424621050858,0.9922223798648498,2.156320519447248,89.09,1.1095269662579315,11.302857142857146,0.06320801444389412,0.9798387096774194,0.9919354838709677,0.03830645161290325,0.9274193548387096,0.03225806451612903,0.969758064516129,0.17540322580645162,0.5733870967741936
2026-09-24,688114,华大智造,75.26,80.08,74.46,75.3,10852556.0,832623100.0,-0.00528401585204763,0.4982093115797852,0.2706072929146348,0.6408479239407061,1.209410332844332,79.35684647302904,0.9237911192899256,4.05,0.053784860557768925,0.719758064516129,0.8991935483870968,0.27419354838709675,0.6915322580645161,0.1592741935483871,0.8790322580645161,0.3709677419354839,0.5722782258064516
2026-09-24,688123,聚辰半导体,217.56,223.34,210.15,210.8,7915835.0,1279900200.0,-0.05010814708002875,0.541386370283709,0.10493279810602929,0.7334555770804512,0.9909769207418078,71.67444574095683,0.8588784162084692,13.010714285714288,0.061720656004337224,0.7419354838709677,0.7258064516129032,0.157258064516129,0.5403225806451613,0.33064516129032256,0.8266129032258065,0.2016129032258065,0.48286290322580644
2026-09-24,688126,上海硅产业集团,25.44,25.78,24.8,24.84,70268064.0,1775767100.0,-0.0032102728731943087,0.46635182998819347,-0.05553126366418892,0.4171470991200778,1.4632487740278934,71.88118811881185,0.8045498935169414,0.8571428571428571,0.03450655624568668,0.6975806451612904,0.19959677419354838,0.6733870967741935,0.7862903225806451,0.3245967741935484,0.7741935483870968,0.7560483870967742,0.5524193548387096
2026-09-24,688137,近岸蛋白,123.51,130.23,122.01,126.25,8042989.0,1014181799.9999999,0.019460594315245494,1.89100068697046,1.0625995561666963,1.52368531013549,1.0305118274680736,87.41698292220114,0.9601759742834352,11.831428571428566,0.09371428571428567,0.9818548387096774,1.0,0.0,0.5745967741935484,0.046370967741935484,0.907258064516129,0.014112903225806495,0.5068548387096774
2026-09-24,688141,杰华特微电子,116.91,118.12,110.02,112.4,13620321.0,1534442000.0,-0.057758403889680565,1.1749226006191953,-0.1170139779934325,0.6266106777877708,1.1108062084268706,48.39807769323188,0.3600662675332114,7.574999999999998,0.06739323843416369,0.9193548387096774,0.04838709677419355,0.3084677419354839,0.6310483870967742,0.7036290322580645,0.29838709677419356,0.12096774193548387,0.37822580645161286
2026-09-24,688143,长盈通光电,250.11,260.83,241.52,249.39,9103175.0,1759271800.0,-0.011533888228299705,2.2179354838709675,0.33312070019261686,0.9037827714374268,0.6521582104830429,63.26090084904301,0.6604439288834515,21.832142857142852,0.08754217433394625,0.9919354838709677,0.9375,0.06653225806451613,0.15725806451612903,0.6391129032258065,0.6350806451612904,0.028225806451612878,0.5120967741935485
2026-09-24,688179,阿拉丁科技,84.05,88.46,82.67,84.64,42094902.0,1059821300.0,0.028432563791008558,0.4651203046563961,0.1858549251835384,0.520341227537589,3.234220512933278,85.15328970031001,1.1133826160100024,4.104285714285713,0.04849108830677828,0.6935483870967742,0.8528225806451613,0.4879032258064516,0.9818548387096774,0.07056451612903226,0.9717741935483871,0.4858870967741935,0.6415322580645162
2026-09-24,688183,生益电子,118.87,121.39,115.17,115.87,15146541.0,1748839900.0,-0.04073184866296875,0.40533656761673753,-0.0029142978435342526,0.6475243191875962,0.7742995806632003,45.05794137695979,-0.023005109624766727,7.082142857142857,0.06112145384605901,0.6532258064516129,0.3911290322580645,0.2620967741935484,0.3185483870967742,0.5846774193548387,0.036290322580645164,0.21169354838709675,0.3720766129032258
2026-09-24,688185,康希诺生物,84.3,86.62,82.35,82.41,10080761.0,835092800.0,-0.04230098779779201,0.1912402428447526,0.33302779500175217,0.870735203684576,1.014542244413077,65.13126491646776,0.8718065059944505,4.979285714285717,0.060420892055402464,0.5040322580645161,0.9354838709677419,0.08266129032258063,0.5625,0.5645161290322581,0.8407258064516129,0.219758064516129,0.5137096774193548
2026-09-24,688195,腾景科技,269.96,273.45,264.07,264.24,5709845.0,1086837900.0,-0.03219426436655304,-0.07277703698505156,0.1687639604573501,0.7160888870447146,0.47148612136941237,46.821383420624905,0.3475160585431925,17.059285714285718,0.06455981575191386,0.23588709677419356,0.8225806451612904,0.17540322580645162,0.018145161290322582,0.6451612903225806,0.2923387096774194,0.16733870967741937,0.3821572580645161
2026-09-24,688202,美迪西生物医药,232.85,235.63,213.83,214.05,7063287.0,789491100.0,-0.0774502198086372,0.6276328796289257,0.17021780648171125,0.6119902891384947,1.0901155233196147,64.32200856829729,0.7841835605974399,13.124285714285715,0.06131411219007575,0.7782258064516129,0.8245967741935484,0.342741935483871,0.6149193548387096,0.6068548387096774,0.7520161290322581,0.20967741935483875,0.5826612903225806
2026-09-24,688222,成都先导,46.01,46.76,44.65,44.65,23089787.0,1037792200.0,-0.03937177280550774,0.5867093105899075,0.3036686666958639,0.8145308458947695,1.0889440464756361,77.4193548387097,0.9011144434565035,2.630714285714286,0.05891857302831547,0.7600806451612904,0.9153225806451613,0.1088709677419355,0.6108870967741935,0.1875,0.8588709677419355,0.2641129032258065,0.5270161290322581
2026-09-24,688233,神工半导体,103.82,107.24,101.13,101.38,6397891.0,659175300.0,-0.026128722382324665,0.49439858490566024,-0.12988374704432548,0.5341459976526579,0.9121425651508356,61.2539184952978,0.6277519553460975,5.127857142857146,0.05058055970464733,0.7157258064516129,0.034274193548387094,0.46370967741935487,0.46774193548387094,0.7237903225806451,0.5907258064516129,0.44758064516129037,0.4244959677419355
2026-09-24,688234,天岳先进,113.56,114.14,109.26,110.35,8828815.0,980049600.0000001,-0.03261155430875773,0.2898889538281706,0.020522977565757383,0.5545145172801285,1.171515251118773,68.22799097065462,0.8408168223878316,4.988571428571428,0.04520680950223316,0.5846774193548387,0.48588709677419356,0.4334677419354839,0.6653225806451613,0.43951612903225806,0.8125,0.5564516129032258,0.5304435483870968
2026-09-24,688238,和元生物,11.25,11.49,10.93,11.08,63858350.0,550513600.0,-0.01773049645390068,0.187566988210075,0.2969429758676523,0.6345279267917048,2.6113507119328734,76.40000000000003,1.0884320248731307,0.5528571428571426,0.04989685404847857,0.5,0.9112903225806451,0.28629032258064513,0.9576612903225806,0.1975806451612903,0.9596774193548387,0.4556451612903226,0.5919354838709677
2026-09-24,688286,敏芯股份,71.83,82.13,71.35,78.54,9532074.0,524406100.0,0.09022765130483057,0.21035598705501624,0.12965204779997852,0.6487694854082132,2.1921094675592108,73.95104895104895,1.1515942076915844,3.7800000000000007,0.04812834224598931,0.530241935483871,0.7741935483870968,0.25806451612903225,0.9334677419354839,0.2600806451612903,0.9838709677419355,0.4979838709677419,0.5679435483870968
2026-09-24,688293,奥浦迈生物,118.67,119.01,110.83,110.83,7023162.0,557253700.0,-0.08706754530477767,0.6606233143542104,0.3109382854777185,1.0128893079258814,1.139886073912043,70.59278350515463,0.8275728346783013,9.222142857142858,0.08320980652479346,0.7983870967741935,0.9193548387096774,0.032258064516129004,0.6491935483870968,0.3588709677419355,0.8044354838709677,0.03427419354838712,0.502217741935484
2026-09-24,688300,联瑞新材,508.3,511.11,473.7,477.12,10551074.0,1815122800.0,-0.08263795423956932,0.9943986958157423,0.057028245316570914,0.7294883590308208,0.7097431812546187,52.21452359989282,0.1734749696598118,37.34642857142857,0.0782747077704321,0.8931451612903226,0.6189516129032258,0.16129032258064513,0.23790322580645162,0.8911290322580645,0.16532258064516128,0.05443548387096775,0.45030241935483867
2026-09-24,688301,奕瑞科技股份,378.15,380.46,351.29,355.51,7511504.0,684773000.0,-0.06885804085908853,0.15748518590870608,-0.05733562724749297,0.49040748697388986,1.6548308267666119,47.28510788822074,0.2360861071579115,16.734285714285715,0.04707120957015475,0.48185483870967744,0.19556451612903225,0.5463709677419355,0.8528225806451613,0.6733870967741935,0.20967741935483872,0.5201612903225806,0.4715725806451613
2026-09-24,688312,燕麦科技,62.73,64.72,60.43,60.52,11853282.0,697824000.0,-0.04437075635559762,0.16005367069196863,0.13988661405458358,0.7465022637812282,1.4904228089845801,71.51374627360056,0.9377553163024027,3.970714285714286,0.0656099518459069,0.4838709677419355,0.7923387096774194,0.14717741935483875,0.7963709677419355,0.3346774193548387,0.8850806451612904,0.14516129032258063,0.47923387096774195
2026-09-24,688313,仕佳光子,163.61,165.5,157.57,157.77,13070552.0,2097593800.0,-0.03886689003959787,0.696999031945789,0.12136845284985776,0.6442237583911454,0.7560672382980023,61.56342182890856,0.578102979349084,9.470000000000004,0.06002408569436524,0.8084677419354839,0.75,0.2701612903225806,0.2963709677419355,0.7056451612903226,0.5141129032258065,0.2338709677419355,0.5237903225806452
2026-09-24,688315,诺禾致源科技,19.48,21.74,18.95,20.65,35993118.0,720342899.9999999,0.051425661914460186,0.4251207729468598,0.413721888157369,0.8901251162734191,3.112868911442573,83.21318228630278,1.0893422528196706,1.1778571428571427,0.05703908682116914,0.6754032258064516,0.9516129032258065,0.07459677419354838,0.9737903225806451,0.0967741935483871,0.9616935483870968,0.30241935483870963,0.5546370967741936
2026-09-24,688331,荣昌生物,123.3,125.08,116.12,116.28,7147268.0,848150700.0000001,-0.06789579158316628,-0.2244380710998466,-0.06539727447725985,0.5182711764894167,1.2486572349788798,39.48758584257792,0.29849582408591063,4.824285714285713,0.04148852523465525,0.08669354838709678,0.17338709677419356,0.49395161290322576,0.6995967741935484,0.36693548387096775,0.25,0.6370967741935484,0.36985887096774195
2026-09-24,688333,西安铂力特,318.67,318.67,297.98,298.29,8005645.0,886227400.0,-0.046814085767239666,0.19833681504097722,0.04396001810571315,0.9363676142822422,0.6195548524645319,49.3862080669797,0.34556850860858945,23.532142857142848,0.07889015004573685,0.5120967741935484,0.5705645161290323,0.048387096774193505,0.10685483870967742,0.7641129032258065,0.2903225806451613,0.05241935483870963,0.33860887096774195
2026-09-24,688337,普源精电,88.46,95.79,83.52,89.37,22977986.0,1335402600.0,0.024297994269341094,0.3328859060402687,0.2899981957057798,0.8290859698008157,4.628130224884102,86.1758474576271,1.2059469473733249,4.822857142857146,0.05396505698620505,0.6149193548387096,0.9092741935483871,0.09677419354838712,0.9939516129032258,0.05846774193548387,0.9899193548387096,0.36491935483870963,0.5483870967741936
2026-09-24,688356,键凯科技,103.28,103.74,97.82,98.06,6889545.0,668010399.9999999,-0.07148944228766207,-0.02563593004769471,0.13611085364723352,1.035447262557278,1.1174909804493152,63.88734482119696,0.7357597523206277,6.493571428571429,0.06622038984878063,0.3004032258064516,0.7883064516129032,0.02620967741935487,0.6370967741935484,0.6209677419354839,0.6935483870967742,0.13508064516129037,0.428125
2026-09-24,688385,复旦微电,60.94,62.8,60.2,60.22,13057218.0,793912700.0,-0.01777850269124126,-0.04367158964586315,0.06860521171289724,0.47759935908009005,1.050968679012178,69.44444444444443,0.8527515519310294,2.247857142857143,0.03732741851307113,0.28830645161290325,0.6532258064516129,0.5846774193548387,0.5846774193548387,0.3850806451612903,0.8225806451612904,0.7096774193548387,0.5680443548387097
2026-09-24,688388,嘉元科技,64.81,65.4,62.26,62.84,38954237.0,1179083600.0,-0.03914373088685019,0.042468480424684873,0.04108106317062532,0.5192382250479423,1.0748495817121126,64.10845588235296,0.7666313154489871,3.236428571428572,0.051502682549786315,0.375,0.5665322580645161,0.48991935483870963,0.6028225806451613,0.6129032258064516,0.7258064516129032,0.42741935483870963,0.5178427419354839
2026-09-24,688396,华润微电子,61.52,61.82,59.89,59.89,11495757.0,688304299.9999999,-0.0329404165993864,0.32793791574279374,-0.05485343047646596,0.37108196819923606,0.7960282860809421,60.29874213836478,0.6014039173283878,2.0414285714285714,0.03408630107578179,0.6129032258064516,0.20362903225806453,0.7399193548387097,0.33669354838709675,0.7782258064516129,0.5443548387096774,0.7600806451612903,0.5435483870967742
2026-09-24,688403,汇成股份,25.74,26.32,24.95,25.04,35041320.0,887776500.0,-0.03803303880138309,0.7809388335704124,-0.03789751405627639,0.5421237629728436,0.6406013405388873,54.21903052064631,0.38348338375517876,1.618571428571428,0.06463943404837971,0.8387096774193549,0.2560483870967742,0.4495967741935484,0.1350806451612903,0.9616935483870968,0.3326612903225806,0.16330645161290325,0.4305443548387096
2026-09-24,688409,富创精密,281.65,286.07,275.76,275.79,3813525.0,720405800.0,-0.03394283312316093,1.0804918527459266,-0.07728029826094374,0.5252003758805028,0.6264593658014025,55.12356841470768,0.4577568836401181,14.05785714285714,0.05097304885186968,0.9112903225806451,0.14516129032258066,0.4798387096774194,0.11491935483870967,0.9959677419354839,0.4012096774193548,0.4354838709677419,0.46542338709677417
2026-09-24,688432,有研硅,54.18,59.11,53.73,55.31,70474979.0,3965109699.9999995,0.0023559260601668797,2.729602157788267,0.3197799968980042,1.1285968647493718,1.001504298984952,65.20166898470097,0.8231278948297841,5.787142857142858,0.10463104062814786,0.9939516129032258,0.9294354838709677,0.01008064516129037,0.5504032258064516,0.5584677419354839,0.8024193548387096,0.006048387096774244,0.535383064516129
2026-09-24,688485,九州一轨环科,128.19,128.19,119.42,120.14,7820551.0,962199500.0,-0.06301669006395261,3.571537290715373,0.6008670141533845,0.8048570518322211,1.0115387485819083,72.2252497729337,0.8685175977836422,8.710714285714289,0.0725046969012343,1.0,0.9798387096774194,0.11491935483870963,0.5564516129032258,0.31048387096774194,0.8366935483870968,0.0766129032258065,0.5579637096774194
2026-09-24,688503,聚和材料股份公司,176.59,177.17,168.13,168.32,13313231.0,1036130600.0,-0.05570827489481067,-0.07815323949832964,-0.039950719903873555,0.7681187564526972,0.7813796922777323,65.17038777908343,0.5926321984316648,11.387857142857145,0.06765599538294406,0.22983870967741934,0.24798387096774194,0.13104838709677424,0.3225806451612903,0.5625,0.532258064516129,0.11895161290322576,0.25564516129032255
2026-09-24,688535,华海诚科新材料,169.99,170.94,161.55,161.83,8253460.0,916071200.0,-0.06141978888759991,0.550095785440613,-0.017865903061064392,0.6230737823430516,1.2660954807520226,64.0577406965965,0.7179048567287721,9.33285714285714,0.05767074796302996,0.7459677419354839,0.33669354838709675,0.32056451612903225,0.7056451612903226,0.6149193548387096,0.6814516129032258,0.2923387096774194,0.4701612903225806
2026-09-24,688548,广钢气体股份,33.44,34.8,33.26,33.58,21661919.0,733317200.0,-0.0065088757396449815,0.4543092247726288,-0.07067706627675807,0.5285322605778457,0.7472269384300707,75.88168373151308,0.7848125856756014,1.6514285714285717,0.049178933038373195,0.6895161290322581,0.1592741935483871,0.47379032258064513,0.2923387096774194,0.20362903225806453,0.7560483870967742,0.469758064516129,0.395866935483871
2026-09-24,688549,中巨芯科技,23.52,24.41,23.2,23.29,34298828.0,810627100.0000001,-0.021428571428571463,1.7562130177514792,-0.08278799892355249,0.48168300691628013,0.574666867407064,59.66921119592876,0.5114818026491843,1.398571428571429,0.0600502974912593,0.9717741935483871,0.12903225806451613,0.5766129032258065,0.07661290322580645,0.8064516129032258,0.43548387096774194,0.23185483870967738,0.43820564516129035
2026-09-24,688559,海目星激光,59.1,62.23,58.55,58.63,13155757.0,786778000.0,-0.014456211127920615,0.20762100926879512,0.10079168883186784,0.6331083276068078,1.0515964799979294,60.202360876897146,0.6798091813893565,3.4628571428571426,0.05906288833118101,0.5241935483870968,0.719758064516129,0.2923387096774194,0.5866935483870968,0.7842741935483871,0.657258064516129,0.2620967741935484,0.5263104838709677
2026-09-24,688578,艾力斯医药科技,114.35,115.01,106.73,106.87,9650169.0,1026452600.0,-0.07126097158251488,0.060428656479460274,-0.08337431240922666,0.49882571077254956,1.7723127954619815,41.8866957190464,0.4477282223317966,4.171428571428572,0.03903273670280314,0.4092741935483871,0.125,0.5383064516129032,0.8850806451612904,0.4475806451612903,0.3951612903225806,0.6754032258064516,0.45463709677419356
2026-09-24,688596,正帆科技,67.71,70.27,65.4,65.58,12478018.0,833297700.0,-0.031171517210814015,1.3059071729957803,0.02588436509260794,0.6357855739722938,0.6771698481904123,57.27365208545269,0.5363536690190813,4.510714285714285,0.0687818585805777,0.9435483870967742,0.5100806451612904,0.2842741935483871,0.18346774193548387,0.905241935483871,0.4596774193548387,0.10685483870967738,0.47379032258064524
2026-09-24,688598,金博碳素股份,80.53,86.47,80.53,81.69,16712830.0,623858400.0,0.0034393809114359186,0.6436619718309857,0.071681578464041,0.576771788519068,1.4188517025447027,69.12087912087911,0.8587291687583357,4.455,0.05453543885420492,0.7883064516129032,0.657258064516129,0.3931451612903226,0.7701612903225806,0.3971774193548387,0.8245967741935484,0.3568548387096774,0.5726814516129032
2026-09-24,688603,天承科技,277.82,279.08,267.69,269.49,5827091.0,738314900.0,-0.027252382327461744,0.6259804513092795,0.09285783804827408,0.5937720425912487,0.9001506041056268,57.755205688166576,0.8638614681400293,18.26642857142857,0.06778147082054461,0.7762096774193549,0.6955645161290323,0.36491935483870963,0.44556451612903225,0.8931451612903226,0.8306451612903226,0.11491935483870963,0.5559475806451613
2026-09-24,688625,呈和科技,142.49,149.9,141.05,146.66,9981304.0,740399200.0,0.027030812324929876,0.9277076761303891,0.22750631915499087,0.6216465457052983,1.4294293935622486,80.93906387989402,0.908313465937706,8.727857142857141,0.059510821920476895,0.8830645161290323,0.8850806451612904,0.3266129032258065,0.7762096774193549,0.13709677419354838,0.8669354838709677,0.24596774193548387,0.590625
2026-09-24,688628,优利德科技,116.29,120.8,111.72,115.31,14190025.0,1593629000.0,-0.02986707050311288,1.3351559335763468,0.4271598928175815,0.9249922367386492,2.535338767876307,77.51242186247798,1.119336488098292,8.044285714285715,0.06976225578254891,0.9475806451612904,0.9556451612903226,0.056451612903225756,0.9495967741935484,0.18548387096774194,0.9737903225806451,0.094758064516129,0.56875
2026-09-24,688629,四川华丰科技,122.57,123.05,116.7,116.85,12011995.0,1429051800.0,-0.05154220779220786,0.08940891292187203,-0.20140241527074398,0.5246422042663424,0.9254917537028574,44.16423509795747,-0.040989488422336545,6.385714285714282,0.05464881716486335,0.43951612903225806,0.004032258064516129,0.4818548387096774,0.4798387096774194,0.5423387096774194,0.028225806451612902,0.3548387096774194,0.32016129032258067
2026-09-24,688655,迅捷兴科技,78.37,79.46,73.8,74.03,10769808.0,811716100.0,-0.05549885174789482,2.1555839727195227,0.6981305195549949,1.074472449453767,0.7946315388896602,86.00636074511586,0.841178881950594,5.74857142857143,0.07765191717643428,0.9879032258064516,0.9879032258064516,0.020161290322580627,0.3326612903225806,0.06048387096774194,0.8145161290322581,0.058467741935483875,0.4880040322580645
2026-09-24,688678,福立旺精密,62.03,66.52,61.25,65.21,43899143.0,1422847400.0,0.03721965961507867,0.8008837337752,0.5935713005653214,0.9317954125306378,1.7339516810001274,83.71966184892284,1.124083955706827,3.9728571428571438,0.06092404758253556,0.8528225806451613,0.9778225806451613,0.05241935483870963,0.8770161290322581,0.08669354838709678,0.9778225806451613,0.21370967741935487,0.5601814516129032
2026-09-24,688700,XD东威科技,133.09,136.23,125.98,125.98,11856285.0,782343500.0,-0.05178383260575048,0.2493058310194367,0.053494225767876546,0.823597820384958,0.8578635798086937,67.65309613410878,0.6270167769461052,7.89357142857143,0.06265733789943982,0.5544354838709677,0.6108870967741935,0.10080645161290325,0.39919354838709675,0.4657258064516129,0.5887096774193549,0.18548387096774188,0.3997983870967742
2026-09-24,688783,西安奕材,30.95,31.77,29.59,29.91,40973719.0,1253144900.0,-0.0030000000000000027,0.4081920903954803,-0.1097154423145612,0.49612794246479724,1.9697021873658187,65.45454545454545,0.7399762089828995,1.5021428571428574,0.050222094855996574,0.657258064516129,0.05846774193548387,0.5423387096774194,0.907258064516129,0.5544354838709677,0.6975806451612904,0.4495967741935484,0.47016129032258064
2026-09-24,688800,瑞可达连接系统,170.96,171.47,158.69,158.69,14926278.0,946299299.9999999,-0.07727642749156871,0.05406841580870125,-0.033972387036030005,0.631803808148007,1.3753443163026613,55.905511811023615,0.221900502279932,9.524285714285714,0.060018184600703975,0.3911290322580645,0.2782258064516129,0.2983870967741935,0.7560483870967742,0.9556451612903226,0.20362903225806453,0.2358870967741935,0.40463709677419357
2026-09-24,688981,中芯国际,121.1,121.39,119.63,119.98,18660976.0,2246348500.0,-0.011615454320784258,0.28733905579399144,-0.09111339492908233,0.3390503168471852,0.6680518973209322,47.95486600846262,0.4028853792377836,3.325000000000002,0.02771295215869313,0.5806451612903226,0.10483870967741936,0.780241935483871,0.17540322580645162,0.6895161290322581,0.35080645161290325,0.842741935483871,0.4997983870967742
